Admin1 name,Admin1 pcode,Admin2 name,Admin2 pcode,Edu Severity,EDU-PIN ,EDU-TAR,FSL Severity,FSL-PIN ,FSL-TAR,HLT Severity,HEA-PIN ,HEA-TAR,Nut Severity,NUT-PIN ,NUT-TAR,GP Severity,GP-PIN ,GP-TAR,CP Severity,CP-PIN ,CP-TAR,GBV Seveirty,GBV-PIN ,GBV-TAR,MA Severity,MA-PIN,MA-TAR,SNFI Severity,SNFI-PIN ,SNFI-TAR,WSH Severity,WASH-PIN ,WASH-TAR,SM Severity,SM-PIN,SM-TAR,RCF-PIN ,RCF-TAR
Khartoum,SD01,Jebel Awlia,SD01001,4,"341,102","101,817",3,"539,664","360,757",4,"54,444","38,111",4,"142,900","60,599",5,"94,623","56,774",5,"100,026","8,905",5,"100,828","20,166",4,"441,381","354,138",5,"265,427","27,398",4,"598,658","210,468",0,0,0,"14,684","14,684"
Khartoum,SD01,Um Bada,SD01002,4,"386,895","231,617",4,"604,496","407,783",4,"16,265","11,386",4,"151,495","62,102",5,"102,646","71,852",5,"111,167","7,269",5,"420,598","84,120",4,"499,596","400,121",5,"299,844","30,372",4,"479,807","295,505",0,0,0,"8,015","8,015"
Khartoum,SD01,Bahri,SD01003,4,"143,468","42,809",4,"210,015","156,670",4,"29,417","20,592",4,"66,592","29,201",5,"41,010","24,606",5,"42,664","4,478",5,"43,068","8,614",4,"185,915","149,355",5,"112,243","11,700",4,"236,586","83,061",0,0,0,"5,517","5,517"
Khartoum,SD01,Sharg An Neel,SD01004,4,"219,785","65,406",4,"272,719","245,976",4,"50,450","35,315",3,"59,626","23,863",5,"65,015","39,009",4,"66,429","7,931",4,"53,216",0,4,"285,298","229,533",5,"172,416","18,255",4,"240,067","151,735",0,0,0,"13,530","13,530"
Khartoum,SD01,Karrari,SD01005,4,"281,574","84,228",3,"408,376","300,790",4,"20,267","14,187",2,"52,036","23,011",5,"81,056","48,634",4,"84,010","8,876",4,"230,710",0,4,"365,007","293,316",5,"221,515","23,026",3,"327,881","173,462",0,0,0,"1,112","1,112"
Khartoum,SD01,Um Durman,SD01006,4,"112,637","33,560",4,"166,051","124,560",4,"53,916","37,741",4,"45,100","20,210",5,"32,635","19,581",5,"33,709","3,781",5,"122,078","24,416",4,"146,059","117,404",5,"88,154","9,253",4,"134,823","72,538",0,0,0,"5,956","5,956"
Khartoum,SD01,Khartoum,SD01007,4,"156,302","46,408",4,"270,437","168,451",4,"25,785","18,050",3,"40,764","16,830",5,"43,200","25,920",5,"45,758","3,984",5,"168,735","33,747",4,"202,218","162,223",5,"120,472","12,553",4,"141,812","97,047",0,0,0,"19,269","19,269"
North Darfur,SD02,Dar As Salam,SD02113,4,"42,776","23,099",3,"77,232","31,162",3,"110,332","55,166",3,"18,404","7,833",4,"60,683","24,273",4,"36,409","29,131",4,"39,302","15,721",2,"30,341",0,4,"44,133","16,770",4,"73,960","48,875",4,"44,216","22,108",0,0
North Darfur,SD02,Al Fasher,SD02114,4,"333,571","185,970",4,"857,984","362,342",3,"888,444","444,222",4,"142,902","61,411",5,"586,213","410,349",4,"339,172","292,071",5,"368,462","73,692",4,"541,342","433,073",5,"535,990","107,085",3,"553,386","361,116",5,"535,902","267,951","1,402","1,402"
North Darfur,SD02,Al Koma,SD02116,4,"5,572","3,262",4,"8,392","12,500",1,"12,500",0,4,"4,317","1,736",3,"3,012",754,4,"2,352",984,4,"2,110",844,0,0,0,2,0,0,3,"6,605","6,467",0,0,0,0,0
North Darfur,SD02,Al Malha,SD02117,4,"16,743","4,930",4,"22,062","22,062",2,"7,980",0,4,"14,245","5,699",3,"7,910",791,4,"6,507","2,303",4,"5,630",0,0,0,0,3,"9,435",0,3,"12,076","6,802",0,0,0,0,0
North Darfur,SD02,As Serief,SD02118,4,"13,523","3,788",3,"19,713","12,497",3,"23,092","11,546",4,"8,824","3,675",4,"13,880","4,165",4,"8,917","6,162",4,"9,159",0,2,"8,119",0,3,"9,285",0,5,"33,838","17,841",5,"9,307","4,654",0,0
North Darfur,SD02,At Tawisha,SD02119,4,"14,784","4,427",3,"13,802","8,692",1,700,0,4,"15,257","6,349",3,"4,128",413,4,"4,350",393,4,"3,212",0,0,0,0,3,"7,697",0,3,"8,067","5,894",0,0,0,0,0
North Darfur,SD02,Um Baru,SD02120,4,"16,540","4,943",3,"16,007","11,133",1,"1,654",0,3,"8,378","3,271",3,"5,011",501,4,"5,057",665,4,"3,835",0,2,"6,606",0,2,0,0,4,"41,096","6,719",4,277,139,0,0
North Darfur,SD02,Kebkabiya,SD02124,4,"68,658","19,852",4,"142,662","82,169",3,"185,637","92,819",4,"24,092","11,389",5,"91,910","55,146",4,"55,756","43,603",4,"47,735",0,1,"34,198",0,4,"68,396","12,171",4,"151,244","79,109",5,"44,839","22,420",0,0
North Darfur,SD02,Kelemando,SD02126,4,"13,598","7,795",3,"22,439","28,226",2,"15,636",0,3,"10,977","4,723",3,"10,544","2,637",4,"7,298","4,236",4,"7,108","2,843",0,0,0,3,"8,578","4,400",4,"17,678","15,783",4,"1,073",537,0,0
North Darfur,SD02,Kutum,SD02128,4,"85,616","25,360",4,"170,064","121,277",4,"143,528","100,470",4,"34,312","14,399",5,"125,207","75,124",5,"74,707","63,610",5,"68,950","13,790",2,"61,770",0,4,"89,999","8,021",4,"148,320","98,032",5,"53,225","26,613",0,0
North Darfur,SD02,Melit,SD02129,4,"35,602","20,358",3,"62,596","45,378",3,"43,108","21,554",3,"30,094","13,359",4,"28,581","11,433",4,"19,585","11,652",4,"19,214","7,686",3,"38,887","27,221",3,"22,677",847,4,"71,297","41,323",4,"11,529","5,765",0,0
North Darfur,SD02,Saraf Omra,SD02133,4,"60,981","16,465",3,"106,169","47,052",3,"157,288","78,644",4,"21,511","9,383",4,"86,508","25,952",4,"51,905","41,528",4,"56,030",0,1,"31,458",0,4,"62,915","35,862",4,"132,894","81,024",0,0,0,0,0
North Darfur,SD02,Um Kadadah,SD02136,4,"21,650","12,955",3,"23,237","14,421",1,"1,500",0,4,"21,297","9,211",3,"6,259","1,566",4,"6,474",698,4,"4,836","1,934",1,"5,734",0,2,0,0,3,"43,760","9,085",0,0,0,0,0
North Darfur,SD02,Kernoi,SD02168,4,"18,477","5,537",3,"21,726","7,948",1,510,0,3,"17,283","7,753",3,"4,996",501,4,"5,354",397,4,"3,913",0,1,"4,817",0,2,0,0,4,"43,506","7,478",0,0,0,0,0
North Darfur,SD02,Al Lait,SD02169,4,"24,764","13,337",3,"31,641","24,213",1,"44,586",0,4,"16,499","6,806",3,"15,524","3,882",4,"11,493","5,603",4,"16,036","6,414",1,"8,418",0,4,0,0,3,"29,321","28,743",0,0,0,"22,551","22,551"
North Darfur,SD02,Tawila,SD02170,4,"56,791","16,947",4,"128,887","92,776",4,"111,293","77,905",3,"10,745","4,450",5,"111,316","66,789",4,"63,372","56,338",4,"46,527",0,1,"36,130",0,4,"72,649","27,558",4,"140,937","65,422",5,"91,662","45,831",0,0
North Darfur,SD02,At Tina,SD02171,4,"7,612","2,172",3,"13,131","19,548",2,"9,630",0,4,"5,720","2,943",3,"6,297",630,4,"4,278","2,598",4,"4,222",0,1,"2,926",0,2,0,0,4,"14,819","8,835",4,"4,815","2,408",0,0
South Darfur,SD03,Al Radoum,SD03141,4,"39,158",0,3,"92,005","89,589",2,"86,008",0,3,"12,344","4,804",3,"41,483","10,372",4,"26,453","18,587",4,"31,180","12,472",0,0,0,4,"34,149","6,121",4,"93,830","25,789",0,0,0,"16,268","16,268"
South Darfur,SD03,Ed Al Fursan,SD03143,4,"37,023",0,3,"38,116","10,819",3,"7,220","3,610",3,"21,001","8,799",3,"12,798","3,200",4,"12,093","2,397",4,"9,560","3,824",0,0,0,3,"19,821","2,600",4,"89,761","42,972",4,"3,610","1,805",0,0
South Darfur,SD03,Kas,SD03144,4,"97,776","52,891",3,"249,186","116,098",3,"252,884","126,442",3,"36,087","15,195",4,"140,482","56,193",4,"84,092","4,211",4,"89,994","35,998",2,"69,847",0,4,"114,080","42,653",4,"211,301","113,487",4,"92,611","46,306",0,0
South Darfur,SD03,Mershing,SD03145,4,"42,084","23,335",4,"102,013","97,404",3,"94,026","47,013",4,"11,091","4,632",4,"58,418","23,367",4,"35,193","27,922",4,"35,104","14,042",2,"29,494",0,4,"42,849","7,950",3,"71,911","9,944",4,"38,343","19,172",0,0
South Darfur,SD03,Um Dafoug,SD03146,4,"13,936",0,3,"19,450","7,526",1,"5,954",0,2,"3,916","1,455",3,"4,438","1,110",4,"4,366",684,4,"4,331","1,732",1,"3,782",0,3,"7,376",418,5,"34,752","22,462",4,696,348,"4,080","4,080"
South Darfur,SD03,Sharg Aj Jabal,SD03147,4,"5,506","3,126",4,"12,236","12,236",3,"7,648","3,824",4,"3,062","1,718",4,"4,861","1,945",4,"3,245","2,056",4,"3,244","1,298",1,"2,185",0,3,"3,606",280,3,"6,227","2,485",4,"3,275","1,638",0,0
South Darfur,SD03,Tulus,SD03149,4,"58,188",0,3,"71,671","14,987",2,"7,514",0,3,"28,403","10,814",3,"18,390","4,597",4,"18,162","2,776",4,"13,963","5,585",0,0,0,3,"29,265",0,3,"78,446","67,538",4,802,401,0,0
South Darfur,SD03,Al Wihda,SD03150,4,"19,371","11,231",4,"36,702","34,746",3,"16,810","8,405",4,"4,380","1,718",2,0,0,4,"9,195","4,622",4,"8,612","3,445",2,"9,596",0,2,0,0,3,"25,296","22,483",4,"1,205",603,0,0
South Darfur,SD03,Nitega,SD03151,4,"36,010","20,538",4,"71,747","47,322",3,"45,917","22,959",4,"13,560","5,769",2,0,0,4,"20,318","12,384",4,"20,077","8,031",0,0,0,3,"9,183",0,3,"73,358","9,061",4,"19,239","9,620",0,0
South Darfur,SD03,Gereida,SD03153,4,"91,375","53,352",3,"205,174","144,867",4,"167,883","117,518",3,"26,797","10,657",4,"146,177","58,471",4,"85,868","71,734",4,"69,312","27,725",1,"50,815",0,4,"101,629","9,358",3,"188,863","106,058",4,"134,897","67,448",0,0
South Darfur,SD03,Shattaya,SD03154,4,"11,058",0,3,"14,261","12,835",1,0,0,3,"8,610","3,776",0,0,0,4,"3,137",158,4,"2,258",903,0,0,0,2,0,0,5,"26,785","12,835",0,0,0,0,0
South Darfur,SD03,As Sunta,SD03156,4,"33,214",0,3,"47,785","12,509",3,"9,900","4,950",3,"18,860","8,412",2,0,0,4,"11,603","3,035",4,"9,526","3,810",0,0,0,2,0,0,5,"76,377","51,307",4,500,250,0,0
South Darfur,SD03,Kubum,SD03157,4,"36,744","21,873",3,"42,388","11,532",2,"7,464",0,4,"24,729","10,527",4,"12,836","5,134",4,"12,068","2,456",4,"9,572","3,829",1,"10,224",0,3,"19,701",200,4,"68,254","42,648",4,"3,732","1,866",0,0
South Darfur,SD03,Rehaid Albirdi,SD03158,4,"50,281","29,845",4,"71,795","67,692",3,"13,900","6,950",3,"14,853","5,525",3,"19,224","4,807",4,"17,325","4,313",4,"14,117","5,647",0,0,0,3,"23,158",0,4,"100,819","58,361",4,"3,393","1,696",0,0
South Darfur,SD03,Kateila,SD03159,4,"26,172","15,195",3,"40,102","23,962",3,"21,834","10,917",4,"12,187","5,315",2,0,0,4,"12,229","6,018",4,"11,391","4,556",1,"8,934",0,2,0,0,4,"68,239","30,377",4,"6,329","3,165",0,0
South Darfur,SD03,Buram,SD03161,4,"55,588","31,321",4,"117,843","68,375",3,"86,634","43,317",3,"17,572","6,740",4,"53,011","21,204",4,"34,679","23,010",4,"35,324","14,130",1,"22,932",0,3,"37,270","10,300",4,"120,924","64,520",4,"1,401",701,692,692
South Darfur,SD03,Beliel,SD03162,4,"251,484","150,073",4,"569,411","320,895",4,"450,541","315,379",3,"58,682","23,545",5,"454,545","318,181",4,"261,862","227,428",4,"192,617","77,047",4,"410,923","328,739",5,"411,086","76,063",3,"376,155","283,635",4,"419,705","209,852","6,408","6,408"
South Darfur,SD03,Nyala Shimal,SD03164,4,"235,564","63,640",4,"607,594","243,463",2,"622,919",0,4,"87,053","37,802",5,"335,645","201,387",5,"201,223","169,664",5,"248,720","49,744",2,"167,496",0,4,"273,907","25,578",3,"343,099","133,233",5,"305,428","152,714",0,0
South Darfur,SD03,As Salam - SD,SD03166,4,"29,924","17,378",4,"53,036","42,787",2,"23,521",0,4,"10,044","3,968",3,"17,735","4,435",4,"13,388","6,182",4,"12,576","5,030",2,"14,360",0,3,0,0,4,"59,526","33,903",0,0,0,"1,261","1,261"
South Darfur,SD03,Nyala Janoub,SD03167,4,"128,471","35,531",4,"309,590","134,187",2,"263,778",0,4,"50,444","22,184",5,"149,587","89,751",5,"93,382","72,286",5,"113,500","22,700",3,"145,485","101,840",5,"177,043","31,160",3,"92,812","37,895",5,"87,826","43,913","5,307","5,307"
South Darfur,SD03,Damso,SD03172,4,"33,163",0,3,"45,324","16,253",2,"12,420",0,3,"22,610","9,546",2,0,0,4,"11,692","3,157",4,"10,131","4,052",0,0,0,2,0,0,4,"58,962","38,493",4,"4,427","2,214","2,046","2,046"
West Darfur,SD04,Beida,SD04111,4,"64,880","18,867",4,"120,925","86,947",4,"51,296","35,907",3,"11,181","4,435",4,"39,818","11,946",5,"29,692","14,894",5,"33,227","6,645",3,"69,503","48,652",4,"43,729","12,440",4,"111,108","75,305",5,"8,189","4,094",0,0
West Darfur,SD04,Ag Geneina,SD04115,4,"190,579","113,581",4,"353,858","353,859",4,"66,641","46,648",3,"57,567","23,356",5,"63,635","44,545",5,"61,150","11,490",5,"61,735","12,347",5,"347,311","347,311",5,"153,866","33,742",3,"240,908","46,261",4,"10,914","5,457",375,375
West Darfur,SD04,Foro Baranga,SD04121,4,"25,863","7,577",4,"48,827","41,658",4,"18,140","12,698",3,"6,328","2,455",4,"13,700","4,110",5,"10,775","4,623",5,"11,781","2,356",1,"8,233",0,4,"16,466","4,300",4,"57,043","30,019",5,"4,981","2,491",0,0
West Darfur,SD04,Habila - WD,SD04122,4,"44,713","12,469",3,"99,967","71,186",4,"81,189","56,832",3,"6,746","2,715",4,"48,043","14,413",4,"30,536","21,612",4,"31,622",0,3,"50,189","35,132",4,"39,292","3,800",5,"120,024","51,899",5,"40,567","20,284",55,55
West Darfur,SD04,Jebel Moon,SD04123,4,"36,305","10,641",4,"81,011","57,336",4,"62,067","43,447",3,"4,446","1,827",4,"55,529","16,659",4,"32,870","27,037",4,"26,211",0,4,"57,080","45,664",4,"39,246","14,264",4,"101,573","42,138",4,"3,276","1,638",0,0
West Darfur,SD04,Kereneik,SD04125,4,"111,180","32,461",4,"202,783","90,014",4,"110,147","77,103",3,"24,559","9,435",5,"63,240","37,944",4,"48,442","21,445",4,"43,982",0,1,"36,357",0,4,"72,715","30,110",3,"106,472","50,835",5,"35,351","17,675",0,0
West Darfur,SD04,Kulbus,SD04127,4,"27,136","7,740",3,"62,803","55,903",4,"55,614","38,930",3,"9,381","4,350",2,0,0,4,"24,584","20,226",4,"21,784",0,0,0,0,4,"29,348","10,888",4,"63,742","31,497",4,"10,479","5,240",0,0
West Darfur,SD04,Sirba,SD04134,4,"44,424","13,244",3,"66,228","54,405",4,"7,128","4,990",4,"12,789","5,255",4,"14,666","4,400",4,"14,172","2,479",4,"11,045",0,3,"46,190","32,333",4,"24,342","8,073",4,"72,251","48,845",4,"3,349","1,675",0,0
East Darfur,SD05,Adila,SD05139,4,"46,880","25,620",3,"112,321","30,083",2,"103,725",0,4,"22,157","9,504",3,"56,931","14,234",4,"35,222","1,765",4,"38,149","15,260",1,"22,056",0,4,"39,538","6,917",2,"62,813",0,4,"1,902",951,"4,081","4,081"
East Darfur,SD05,Abu Jabrah,SD05140,4,"36,408","19,531",3,"92,375","44,212",2,"90,501",0,4,"9,255","3,801",3,"46,075","11,519",4,"28,265","1,416",4,"32,154","12,862",0,0,0,3,"26,933","9,841",4,"100,784","42,259",0,0,0,"8,981","8,981"
East Darfur,SD05,Ad Du'ayn,SD05142,4,"94,403","52,514",4,"243,494","119,230",3,"249,284","124,642",3,"28,052","11,609",4,"163,656","65,462",4,"94,890","81,368",4,"89,355","35,742",1,"55,306",0,5,"150,441","58,047",2,"128,196",0,4,"80,252","40,126",524,524
East Darfur,SD05,Shia'ria,SD05148,4,"47,296","28,190",4,"103,706","74,388",4,"81,357","56,950",4,"34,276","18,697",3,"81,791","20,448",4,"47,443","40,650",4,"35,099","14,040",2,"37,630",0,4,"55,328","10,220",4,"135,009","54,896",4,"5,272","2,636",0,0
East Darfur,SD05,Al Firdous,SD05152,4,"39,731","23,469",3,"78,529","39,339",3,"72,022","36,011",4,"11,452","4,784",3,"47,436","11,860",4,"29,453","21,929",4,"23,083","9,233",0,0,0,4,"37,817","19,211",5,"106,578","62,518",4,"7,098","3,549","6,275","6,275"
East Darfur,SD05,Abu Karinka,SD05155,4,"47,360","26,711",3,"96,431","61,554",2,"70,705",0,4,"23,007","9,863",3,"42,866","10,716",4,"28,422","18,284",4,"29,155","11,662",0,0,0,3,"31,242","9,853",3,"100,195","54,382",0,0,0,"2,593","2,593"
East Darfur,SD05,Bahr Al Arab,SD05160,4,"60,709","32,481",4,"146,736","76,734",3,"134,694","67,347",4,"30,159","13,827",3,"60,586","15,146",4,"39,189","1,965",4,"48,335","19,334",1,"25,643",0,4,"59,763","10,497",5,"155,495","78,090",0,0,0,"34,834","34,834"
East Darfur,SD05,Assalaya,SD05163,4,"29,275","16,803",4,"48,748","45,011",1,"21,986",0,4,"16,300","7,134",3,"12,600","3,151",4,"10,775","3,320",4,"11,643","4,657",0,0,0,3,"16,224","1,022",5,"69,543","33,568",4,"5,360","2,680","10,766","10,766"
East Darfur,SD05,Yassin,SD05165,4,"42,382","25,226",4,"93,384","69,225",4,"69,485","48,639",4,"15,576","7,413",3,"69,541","17,386",4,"40,679","2,036",4,"30,311","12,124",1,"23,956",0,4,"39,946","23,863",5,"116,934","59,207",4,"1,957",979,"1,344","1,344"
Central Darfur,SD06,Azum,SD06110,4,"56,473","30,638",4,"145,661","88,011",3,"151,715","75,858",4,"16,403","7,148",5,"82,876","58,013",4,"49,419","2,475",4,"52,133","20,853",1,"29,746",0,4,"59,492","34,021",4,"136,940","65,547",4,"75,900","37,950","3,741","3,741"
Central Darfur,SD06,Bendasi,SD06112,4,"35,323","19,824",4,"74,990","41,449",2,"73,459",0,4,"13,107","5,421",4,"35,603","14,242",4,"22,973","15,722",4,"23,520","9,408",1,"14,998",0,3,"24,109","7,884",3,"47,974","40,999",4,"29,435","14,718",0,0
Central Darfur,SD06,Mukjar,SD06130,4,"41,035","23,423",4,"78,654","74,800",2,"55,146",0,4,"14,019","5,939",4,"33,742","13,497",4,"22,964","13,889",4,"22,637","9,055",0,0,0,3,"26,314",0,4,"98,734","47,628",4,"25,730","12,865",6,6
Central Darfur,SD06,Gharb Jabal Marrah,SD06131,4,"78,768","45,274",4,"156,061","110,638",4,"88,335","61,835",3,"23,417","10,182",4,"58,747","23,499",4,"41,136","23,202",4,"39,743","15,897",2,"41,150",0,3,"40,634","2,886",4,"155,775","91,426",4,"37,999","19,000",0,0
Central Darfur,SD06,Shamal Jabal Marrah,SD06132,4,"89,173","48,301",4,"227,138","115,215",3,"224,792","112,396",4,"22,390","10,145",4,"123,637","49,455",4,"74,500","3,732",4,"80,167","32,067",2,"62,455",0,4,"90,729","17,124",5,"249,945","116,644",4,"101,587","50,793",0,0
Central Darfur,SD06,Um Dukhun,SD06135,4,"46,652","25,650",3,"108,526","56,014",2,"105,811",0,4,"24,272","11,136",4,"57,329","22,931",4,"35,380","26,685",4,"37,413","14,965",3,"53,165","37,216",4,"49,230","8,849",4,"130,162","54,051",4,"17,354","8,677",0,0
Central Darfur,SD06,Wadi Salih,SD06137,4,"88,409","50,519",3,"168,324","66,261",2,"116,062",0,3,"41,889","16,085",4,"71,679","28,671",4,"48,979","29,340",4,"48,145","19,258",1,"33,665",0,3,"56,468","4,235",3,"134,380","25,499",4,"54,306","27,153",0,0
Central Darfur,SD06,Zalingi,SD06138,4,"175,416","48,352",4,"450,740","287,160",4,"462,778","323,945",4,"52,174","20,313",5,"287,132","172,279",4,"168,026","141,449",5,"190,664","38,133",5,"370,470","370,470",5,"270,117","51,819",4,"353,888","125,542",5,"171,569","85,784",532,532
Central Darfur,SD06,Wasat Jabal Marrah,SD06139,4,"68,666","37,748",4,"168,963","88,846",3,"159,006","79,503",3,"18,438","6,623",4,"94,058","37,623",4,"56,807","44,836",4,"58,497","23,399",2,"47,774",0,4,"76,772","14,103",3,"130,671","79,700",4,"77,407","38,704",0,0
South Kordofan,SD07,Abu Jubayhah,SD07088,4,"60,005","55,156",3,"134,284","84,692",2,"113,794",0,3,"23,991","9,997",5,"61,602","49,281",4,"39,576","27,353",4,"43,333","17,333",2,"36,028",0,4,"57,709","39,887",4,"154,313","69,648",5,"4,934","2,467","11,294","11,294"
South Kordofan,SD07,Talawdi,SD07089,4,"16,021","14,753",3,"37,445","36,299",3,"32,706","16,353",4,"4,934","2,323",3,"18,850","7,540",3,"11,741",588,4,"12,333","4,933",1,"7,403",0,3,"6,541","4,500",4,"42,394","18,595",3,"6,643","3,322",0,0
South Kordofan,SD07,Abassiya,SD07090,4,"49,709","47,134",4,"106,590","60,293",3,"66,426","33,213",3,"8,873","3,435",3,"42,713","17,085",5,"28,717","17,882",4,"28,555","11,422",0,0,0,3,"19,928","11,400",4,"117,907","57,472",4,"3,028","1,514",0,0
South Kordofan,SD07,Um Durein,SD07091,3,"32,747",0,4,"54,903","33,786",1,0,0,3,"8,998","3,663",0,0,0,1,"9,291",0,4,"6,686",0,4,"42,233","33,786",2,0,0,4,"70,546","13,287",0,0,0,0,0
South Kordofan,SD07,Ar Rashad,SD07093,3,0,0,3,"48,906","32,808",3,"40,583","20,292",3,"5,062","1,958",4,"23,893","11,948",5,"15,178","10,755",4,"15,766","6,306",4,"32,652","26,121",3,"8,076","1,615",4,"53,767","25,753",3,"3,908","1,954",205,205
South Kordofan,SD07,Al Quoz,SD07094,3,0,0,4,"40,807","39,883",2,"10,556",0,3,"6,379","2,479",4,"11,688","5,844",3,"10,057",506,4,"8,535","3,414",0,0,0,2,0,0,4,"53,914","31,976",3,30,15,372,372
South Kordofan,SD07,Dilling,SD07095,3,"76,607",0,4,"156,434","60,086",3,"81,003","40,502",3,"11,161","4,309",3,"55,854","5,586",5,"39,382","22,933",4,"38,054",0,1,"27,780","19,446",3,"39,360","5,800",3,"114,856","31,003",5,"4,095","2,048",793,793
South Kordofan,SD07,Heiban,SD07096,3,0,0,3,"62,567","19,685",1,0,0,3,"17,329","7,055",0,0,0,1,"13,765",0,4,"9,906",0,1,"12,513",0,3,"25,027",0,4,"104,512","19,685",0,0,0,0,0
South Kordofan,SD07,Ar Reif Ash Shargi,SD07097,3,"21,410",0,3,"48,758","30,174",3,"42,294","21,147",3,"6,511","2,896",3,"24,555","2,456",3,"15,379",771,4,"16,088",0,1,"9,752",0,3,"12,688","7,300",3,"45,344","8,698",4,"8,188","4,094",0,0
South Kordofan,SD07,Kadugli,SD07098,4,"70,189","19,311",4,"169,398","94,983",3,"147,779","73,890",3,"13,945","5,210",5,"83,572","50,143",4,"51,921","38,609",4,"55,186",0,3,"79,690","55,783",5,"90,682","48,715",4,"137,009","81,264",5,"26,355","13,177","2,296","2,296"
South Kordofan,SD07,Al Buram,SD07099,3,"44,499",0,4,"74,604","32,137",1,0,0,3,"12,226","4,978",0,0,0,1,"12,625",0,4,"9,086",0,3,"45,910","32,137",3,"22,955",0,4,"95,861","18,055",0,0,0,0,0
South Kordofan,SD07,Habila - SK,SD07103,4,"17,924","5,202",4,"30,485","16,573",3,"14,739","7,370",3,"6,405","2,401",4,"11,115","3,335",4,"8,259","3,986",4,"7,729",0,3,"19,214","13,450",3,"10,689","4,300",4,"34,212","20,805",4,718,359,313,313
South Kordofan,SD07,Abu Kershola,SD07104,4,"30,357","8,608",4,"60,592","35,410",2,"46,084",0,3,"6,516","2,604",4,"27,128","8,139",4,"18,048","11,519",4,"18,081",0,3,"33,464","23,425",4,"24,236","4,700",4,"71,133","35,161",4,"12,434","6,217",0,0
South Kordofan,SD07,Al Leri,SD07105,3,"11,706",0,4,"22,703","19,194",2,"13,547",0,3,"3,383","1,442",3,"8,106","3,242",3,"5,808",292,4,"6,053","2,421",0,0,0,4,"8,299",400,4,"23,817","13,587",4,"3,760","1,880","2,245","2,245"
South Kordofan,SD07,At Tadamon - SK,SD07106,3,"18,026",0,3,"25,756","24,022",2,"5,017",0,3,"26,424","9,127",3,"6,444","2,578",3,"5,993",302,3,"3,674",919,0,0,0,3,"8,901",0,4,"42,685","20,923",4,154,77,"1,029","1,029"
South Kordofan,SD07,Delami,SD07107,3,"12,384",0,3,"20,037","9,519",2,"8,132",0,3,"2,994","1,202",5,"6,854","4,113",3,"5,302","2,279",4,"4,783",0,1,"4,007",0,2,0,0,3,"20,234","14,373",5,"1,299",650,0,0
South Kordofan,SD07,Ghadeer,SD07108,4,"17,467","15,180",3,"45,054","24,860",2,"45,054",0,3,"15,714","5,408",5,"18,504","14,803",4,"11,800","8,291",4,"15,498","6,199",1,"7,616",0,3,"12,122","1,700",4,"45,371","20,274",5,"9,413","4,707","13,941","13,941"
Blue Nile,SD08,Baw,SD08104,3,"41,741",0,3,"91,315","51,080",3,"87,372","43,686",3,"7,483","2,799",2,0,0,3,"29,996","1,503",3,"26,367","6,592",3,"47,191","39,222",3,"29,783","10,247",4,"78,069","41,513",4,"32,683","16,341",0,0
Blue Nile,SD08,Ed Damazine,SD08105,3,0,0,3,"71,223","49,329",3,"119,177","59,589",3,"21,762","8,145",2,0,0,5,"36,760","26,238",4,"38,291","15,316",1,"23,561",0,3,"37,266","18,888",4,"93,985","58,468",4,"13,987","6,994",559,559
Blue Nile,SD08,Al Kurmuk,SD08106,4,"37,680","21,719",3,"61,814","40,979",3,"38,232","19,116",4,"16,612","7,272",3,"26,924","6,731",4,"19,102","10,422",3,"14,712","3,678",3,"40,787","31,418",3,"23,260","6,639",4,"72,152","43,735",4,"4,937","2,468",0,0
Blue Nile,SD08,Ar Rusayris,SD08107,3,0,0,3,"57,844","30,784",3,"103,676","51,838",3,"18,887","7,402",3,"41,118","16,447",5,"27,214","17,579",4,"27,366","10,946",0,0,0,4,"36,379","23,985",4,"68,758","52,305",4,"11,020","5,510",1,1
Blue Nile,SD08,At Tadamon - BN,SD08108,3,0,0,3,"25,312","17,749",2,"41,004",0,2,"9,251","3,566",2,0,0,3,"12,980",651,3,"11,090","2,773",1,"8,449",0,3,"13,548","6,678",5,"54,340","29,926",3,"15,272","7,636",0,0
Blue Nile,SD08,Geisan,SD08109,4,"29,429","16,289",3,"63,962","41,033",2,"65,317",0,3,"6,616","2,645",4,"34,070","13,628",4,"21,295","15,631",3,"18,757","4,689",3,"33,305","27,727",3,"21,065",0,4,"52,248","34,158",4,"2,000","1,000",0,0
Blue Nile,SD08,Wad Al Mahi,SD08110,3,"22,149",0,3,"41,186","40,839",1,"37,716",0,3,"6,750","2,689",3,"12,734","5,094",5,"9,717","4,565",3,"9,574","2,394",0,0,0,4,"12,986","7,418",3,"29,069","25,708",4,859,429,"12,539","12,539"
White Nile,SD09,Ad Diwaim,SD09044,4,"79,851","74,405",3,"104,164","53,284",3,"141,303","70,652",3,"35,107","14,680",3,"83,805","33,523",3,"53,558","2,685",4,"55,222","22,089",0,0,0,4,"76,308","52,436",4,"138,692","86,092",4,"1,545",772,0,0
White Nile,SD09,Um Rimta,SD09045,3,0,0,3,"52,780","41,605",2,"40,502",0,3,"7,597","2,987",3,"26,288","10,515",3,"17,880",897,4,"17,633","7,053",0,0,0,3,"20,471","12,000",3,"54,872","30,550",4,625,313,0,0
White Nile,SD09,Rabak,SD09046,3,0,0,3,"46,721","32,856",1,"102,380",0,3,"27,193","11,303",3,"31,720","12,688",1,"22,947","11,904",4,"35,532","14,213",0,0,0,3,"24,704","12,901",2,"29,009",0,4,"3,928","1,964",0,0
White Nile,SD09,Kosti,SD09047,3,0,0,3,"64,420","24,286",3,"48,417","24,209",3,"44,967","18,235",3,"32,145","12,857",1,"23,668","11,711",4,"22,083","8,833",0,0,0,4,"30,279","16,533",4,"70,140","55,976",4,"1,923",962,"58,373","58,373"
White Nile,SD09,Tendalti,SD09048,3,0,0,3,"56,326","20,600",2,"47,737",0,3,"13,603","5,096",3,"27,436","6,860",3,"19,186",963,4,"18,554","7,422",0,0,0,3,"22,894","12,000",4,"85,542","41,872",4,322,161,0,0
White Nile,SD09,As Salam / Ar Rawat,SD09049,4,"66,926","18,905",3,"122,341","68,942",3,"114,254","57,127",3,"34,497","12,841",3,"62,618","6,262",3,"41,162","2,065",4,"41,589",0,0,0,0,5,"54,682","18,194",4,"168,250","47,171",5,"42,691","21,345","218,834","218,834"
White Nile,SD09,Al Gitaina,SD09050,3,0,0,3,"188,498","11,680",1,"198,973",0,2,"19,417","7,515",3,"46,780","4,678",3,"35,000","1,759",4,"65,221",0,0,0,0,4,"62,542","5,243",3,"52,511","10,538",4,827,414,0,0
White Nile,SD09,Aj Jabalain,SD09051,4,"79,059","71,847",3,"190,476","95,612",3,"267,070","133,535",3,"42,139","16,510",3,"104,085","41,634",3,"63,347","49,205",4,"67,671","27,068",0,0,0,5,"77,980","43,481",4,"136,291","91,414",5,"64,900","32,450","138,328","138,328"
White Nile,SD09,Guli,SD09052,3,0,0,3,"221,002","73,098",1,"244,557",0,3,"21,145","8,433",3,"26,477","10,591",3,"26,878","1,356",3,"60,487","15,122",0,0,0,3,"44,783","7,166",4,"193,352","73,029",0,0,0,0,0
Red Sea,SD10,Dordieb,SD10063,3,"9,211",0,3,"8,738","1,220",1,"1,390",0,4,"11,567","4,882",3,"2,669","1,067",1,"2,757",0,2,0,0,0,0,0,2,0,0,4,"22,885","10,691",3,150,75,0,0
Red Sea,SD10,Port Sudan,SD10064,3,"96,902",0,2,"134,591","62,059",3,"249,941","124,971",2,"22,913","9,925",3,"127,806","51,122",4,"77,757","60,442",4,"88,186","35,274",0,0,0,4,"95,682","54,153",3,"123,000","67,222",4,"4,367","2,183","21,324","21,324"
Red Sea,SD10,Tawkar,SD10065,3,0,0,3,"26,874","6,461",1,"48,607",0,4,"36,169","17,258",3,"8,914","3,565",3,"8,514",429,2,0,0,0,0,0,2,0,0,4,"62,263","30,597",4,"1,000",500,32,32
Red Sea,SD10,Hala'ib,SD10066,3,0,0,3,"8,825","7,221",1,0,0,3,"4,368","1,875",0,0,0,3,"1,765",89,2,0,0,0,0,0,3,"3,209",0,4,"16,046","7,221",0,0,0,0,0
Red Sea,SD10,Jubayt Elma'aadin,SD10067,3,0,0,3,"14,023","12,148",1,490,0,3,"18,130","7,913",3,"4,059","1,624",3,"4,410",223,3,0,0,0,0,0,2,0,0,4,"33,176","11,978",0,0,0,0,0
Red Sea,SD10,Sawakin,SD10068,3,0,0,2,"3,914",963,2,"4,585",0,3,"14,580","5,980",3,"3,207","1,283",1,"2,542",0,2,0,0,0,0,0,2,0,0,4,"12,697","4,294",3,415,208,"1,005","1,005"
Red Sea,SD10,Al Ganab,SD10069,3,0,0,3,"21,095","2,457",1,0,0,4,"20,952","9,499",0,0,0,1,"5,801",0,2,0,0,0,0,0,3,"10,547",0,4,"48,202","23,732",0,0,0,0,0
Red Sea,SD10,Haya,SD10070,3,0,0,3,"69,673","11,783",1,"8,590",0,4,"73,924","41,534",3,"16,844","6,737",4,"17,386","1,905",2,"8,942",0,0,0,0,3,"29,121",0,4,"145,348","66,467",3,351,175,0,0
Red Sea,SD10,Sinkat,SD10071,3,0,0,3,"17,162","3,730",2,"5,442",0,4,"20,513","7,338",3,"7,651","3,060",3,"6,938",350,3,"4,124","1,031",0,0,0,2,0,0,4,"46,409","23,232",4,291,146,68,68
Red Sea,SD10,Agig,SD10072,3,0,0,3,"17,864","17,282",1,"1,355",0,4,"13,766","5,850",0,0,0,3,"4,367",221,2,0,0,0,0,0,3,"7,940",0,4,"39,523","17,282",0,0,0,0,0
Kassala,SD11,Halfa Aj Jadeedah,SD11052,4,"73,762","71,169",3,"121,815","114,063",2,"65,818",0,3,"20,256","7,628",2,0,0,3,"35,171","1,767",4,"33,254","13,302",0,0,0,3,"44,526","6,149",3,"117,841","20,618",0,0,0,"1,078","1,078"
Kassala,SD11,Madeinat Kassala,SD11053,4,"102,906","99,372",3,"166,159","128,348",2,"84,941",0,3,"57,107","24,886",2,0,0,3,"46,517","21,824",4,"44,300","17,720",0,0,0,3,"60,958","24,652",2,"30,638",0,4,310,155,"6,211","6,211"
Kassala,SD11,Reifi Gharb Kassala,SD11054,3,"43,032",0,3,"49,947","49,947",1,"6,285",0,3,"19,625","7,098",0,0,0,3,"12,209",617,2,0,0,0,0,0,3,"22,199",0,4,"106,798","49,947",0,0,0,0,0
Kassala,SD11,Reifi Aroma,SD11055,4,"31,755","31,701",3,"41,643","37,925",1,"20,185",0,4,"26,543","11,189",2,0,0,1,"9,314",0,2,0,0,0,0,0,2,0,0,5,"81,216","36,858",0,0,0,0,0
Kassala,SD11,Reifi Kassla,SD11056,3,0,0,3,"53,535","40,227",3,"31,368","15,684",3,"11,218","4,352",2,0,0,5,"9,004",454,3,"10,604","2,651",0,0,0,4,0,0,4,"59,552","31,578",0,0,0,"26,246","26,246"
Kassala,SD11,Reifi Shamal Ad Delta,SD11057,4,"32,646","32,381",4,"49,386","43,120",1,"13,530",0,4,"10,435","4,584",2,0,0,3,"10,765",543,3,"6,157","1,539",0,0,0,3,"17,524","5,791",4,"76,549","37,892",3,"1,498",749,0,0
Kassala,SD11,Reifi Hamashkureib,SD11058,4,"85,937","85,937",4,"121,912","99,746",1,"4,045",0,4,"59,032","26,384",0,0,0,3,"24,382","1,231",2,0,0,0,0,0,4,"66,497","13,300",4,"217,712","99,746",0,0,0,0,0
Kassala,SD11,Reifi Telkok,SD11059,3,"84,869",0,3,"111,307","101,375",1,"13,085",0,4,"54,063","23,421",2,0,0,3,"24,895","1,257",2,0,0,0,0,0,3,"44,152",0,4,"183,233","98,507",3,"1,000",500,0,0
Kassala,SD11,Reifi Khashm Elgirba,SD11060,3,0,0,3,"51,051","17,359",1,"26,235",0,3,"6,275","2,186",2,0,0,5,"12,353",622,3,"10,446","2,612",0,0,0,3,0,0,4,"56,712","36,545",0,0,0,"10,777","10,777"
Kassala,SD11,Reifi Wad Elhilaiw,SD11061,3,"28,499",0,3,"73,508","33,754",3,"76,198","38,099",3,"11,488","4,336",0,0,0,4,"8,086",408,2,0,0,0,0,0,4,0,0,4,"46,435","33,022",0,0,0,"77,452","77,452"
Kassala,SD11,Reifi Nahr Atbara,SD11062,3,"47,224",0,3,"69,145","58,498",3,"4,782","2,391",3,"21,890","8,095",2,0,0,1,"14,451",729,3,"7,627","1,907",0,0,0,3,"23,405",0,4,"118,412","54,813",0,0,0,0,0
Gedaref,SD12,Al Butanah,SD12073,3,0,0,3,"21,179","7,933",1,"5,957",0,3,"13,627","5,162",4,"8,170","4,086",1,"7,355",371,3,"4,390","1,098",0,0,0,2,0,0,5,"51,053","30,958",0,0,0,0,0
Gedaref,SD12,Al Fao,SD12074,3,0,0,3,"26,953","25,377",3,"69,178","34,589",3,"29,230","12,653",3,"19,452","7,780",3,"14,824",745,4,"13,508","5,403",0,0,0,2,0,0,5,"78,422","38,924",4,807,404,6,6
Gedaref,SD12,Al Fashaga,SD12075,3,0,0,3,"24,944","18,567",3,"39,653","19,827",4,"9,337","4,012",3,"17,068","6,828",3,"11,554",580,4,"11,780","4,712",0,0,0,3,0,0,4,"40,482","23,630",0,0,0,"1,463","1,463"
Gedaref,SD12,Al Qureisha,SD12076,3,"29,607",0,3,"51,096","19,274",2,"52,735",0,3,"8,341","3,406",3,"24,508","9,803",3,"16,648",836,4,"16,432","6,573",0,0,0,3,"3,749",0,4,"57,738","34,364",0,0,0,0,0
Gedaref,SD12,Basundah,SD12077,4,"25,543","23,164",3,"60,893","65,423",2,"58,206",0,3,"11,089","4,537",3,"31,366","12,546",3,"19,360",970,4,"21,217","8,487",0,0,0,3,"18,682","10,012",4,"67,113","29,090",3,"3,406","1,703","3,146","3,146"
Gedaref,SD12,Al Galabat Al Gharbyah - Kassab,SD12078,3,"26,134",0,3,"31,920","18,482",1,"30,375",0,4,"22,354","10,880",3,"14,261","5,704",3,"11,091",558,3,"7,746","1,937",0,0,0,2,0,0,4,"56,798","28,663",0,0,0,0,0
Gedaref,SD12,Gala'a Al Nahal,SD12079,4,"24,171","23,225",3,"37,683","19,760",2,"25,669",0,3,"5,550","2,023",3,"17,216","6,887",3,"12,227",614,4,"11,698","4,679",0,0,0,3,"2,440",0,4,"57,957","26,027",0,0,0,0,0
Gedaref,SD12,Madeinat Al Gedaref,SD12080,4,"75,330","69,720",3,"96,744","40,530",3,"144,712","72,356",3,"65,154","29,227",3,"84,550","33,820",3,"53,209","38,483",4,"55,474","22,190",0,0,0,4,"75,038","52,590",3,"90,711","28,111",4,364,182,2,2
Gedaref,SD12,Wasat Al Gedaref,SD12081,3,0,0,3,"40,133","56,933",2,"55,699",0,3,"13,555","5,294",3,"25,594","10,238",3,"18,075",908,4,"21,884","8,754",0,0,0,4,0,0,4,"58,239","39,156",4,"7,311","3,655","19,049","19,049"
Gedaref,SD12,Al Mafaza,SD12082,3,"24,810",0,3,"61,012","41,443",3,"59,407","29,704",3,"7,014","2,772",3,"22,420","8,968",1,"14,871",746,4,"20,585","8,234",0,0,0,4,"8,321","5,326",4,"59,595","29,003",0,0,0,"23,807","23,807"
Gedaref,SD12,Galabat Ash-Shargiah,SD12083,3,"38,993",0,3,"81,691","95,208",3,"74,453","37,227",3,"18,462","7,147",4,"35,190","17,596",3,"23,350","1,172",4,"27,651","11,060",0,0,0,4,"25,700","16,940",4,"85,044","44,349",3,466,233,"17,673","17,673"
Gedaref,SD12,Ar Rahad,SD12084,3,0,0,3,"88,569","74,928",2,"79,316",0,3,"16,352","7,012",3,"45,368","18,147",3,"29,794","1,495",4,"30,125","12,050",0,0,0,3,"32,232","5,125",4,"105,050","69,177",0,0,0,0,0
North Kordofan,SD13,Um Rawaba,SD13023,4,"57,276","54,748",3,"89,283","32,063",2,"69,932",0,3,"31,388","11,682",4,"43,238","21,619",5,"30,166","1,515",5,"35,022","7,004",1,"21,099",0,3,"35,872","5,243",4,"130,812","62,990",5,"5,675","2,837",976,976
North Kordofan,SD13,Sheikan,SD13024,4,"143,085","42,211",4,"242,248","67,484",3,"54,528","27,264",3,"56,780","21,804",4,"56,075","16,823",5,"49,969","13,646",5,"54,119","10,824",1,"41,166",0,5,"118,295","27,804",3,"200,623","47,579",5,"5,894","2,947","9,414","9,414"
North Kordofan,SD13,Soudari,SD13025,3,"58,094",0,3,"78,552","23,855",2,"7,260",0,3,"23,646","9,268",3,"18,251","1,825",3,"18,080",912,3,"9,728",0,0,0,0,3,"30,695",0,4,"139,078","23,492",0,0,0,0,0
North Kordofan,SD13,Bara,SD13026,3,0,0,3,"48,449","21,881",2,"15,736",0,3,"18,236","6,998",3,"16,886","1,689",3,"14,246","4,828",3,"9,119",0,0,0,0,2,0,0,4,"78,826","15,115",0,0,0,0,0
North Kordofan,SD13,Gebrat Al Sheikh,SD13027,3,"44,939",0,3,"56,030","23,072",1,"7,036",0,3,"21,377","8,136",3,"14,758","1,476",3,"14,298","2,559",3,"7,881",0,0,0,0,3,"22,479",0,4,"97,838","18,188",4,145,72,0,0
North Kordofan,SD13,Um Dam Haj Ahmed,SD13028,3,0,0,3,"30,846","27,491",1,"32,410",0,3,"14,714","5,972",3,"13,019","1,303",3,"9,944",500,3,"7,081",0,0,0,0,2,0,0,4,"46,539","8,832",0,0,0,0,0
North Kordofan,SD13,Gharb Bara,SD13029,3,0,0,3,"45,158","23,077",2,"12,531",0,3,"25,055","10,207",3,"14,400","1,440",3,"12,753",643,3,"7,749",0,0,0,0,3,"19,821","4,800",4,"60,442","14,642",0,0,0,0,0
North Kordofan,SD13,Ar Rahad,SD13030,4,"32,195","29,731",3,"46,325","49,423",2,"62,377",0,3,"14,464","5,242",4,"35,835","17,919",4,"22,594","16,274",4,"23,811","9,524",1,"14,422",0,3,"22,727","3,878",5,"72,745","36,611",5,"2,162","1,081","1,199","1,199"
Sennar,SD14,Abu Hujar,SD14037,4,"53,761","49,636",3,"117,688","51,259",2,"118,617",0,3,"23,487","8,626",2,0,0,3,"38,660","28,270",4,"37,900","15,160",0,0,0,4,"49,012","17,463",4,"127,387","62,163",0,0,0,0,0
Sennar,SD14,Sennar,SD14038,4,"83,726","79,787",3,"100,328","31,370",2,"109,791",0,2,"34,513","13,428",2,0,0,3,"46,096","27,447",4,"36,184","14,474",0,0,0,4,"63,500","20,012",3,"99,013","48,173",4,"2,387","1,193",28,28
Sennar,SD14,Ad Dali,SD14039,3,"36,310",0,3,"80,577","61,113",2,"80,488",0,3,"16,239","6,357",2,0,0,1,"26,111",0,4,"25,599","10,240",0,0,0,3,"25,918","4,460",5,"94,348","57,453",4,"11,437","5,719",0,0
Sennar,SD14,Ad Dinder,SD14040,4,"62,607","57,429",3,"135,062","59,151",2,"123,739",0,3,"30,075","11,830",2,0,0,3,"42,828","30,345",4,"43,693","17,477",0,0,0,4,"61,761","21,592",4,"149,572","72,667",4,406,203,"9,808","9,808"
Sennar,SD14,As Suki,SD14041,4,"55,222","50,369",3,"78,554","34,560",2,"131,593",0,3,"34,153","13,461",2,0,0,3,"43,204","33,144",4,"44,588","17,835",0,0,0,4,"59,778","21,719",4,"93,776","61,557",4,"2,056","1,028",0,0
Sennar,SD14,Sharg Sennar,SD14042,4,"79,017","76,144",3,"103,754","23,285",3,"79,275","39,638",3,"37,181","14,194",2,0,0,3,"38,722","20,285",4,"33,240","13,296",0,0,0,4,"55,582","16,452",3,"160,548","42,531",0,0,0,0,0
Sennar,SD14,Sinja,SD14043,3,"54,224",0,3,"76,876","28,086",3,"124,200","62,100",3,"17,087","6,654",2,0,0,3,"37,333","1,872",4,"35,542","14,217",0,0,0,3,"29,931","5,588",3,"73,540","32,029",4,44,22,9,9
Aj Jazirah,SD15,Medani Al Kubra,SD15030,4,"63,902","59,418",2,"73,763","115,022",3,"119,336","59,668",3,"46,979","18,589",3,"68,407","27,363",3,"43,517","30,740",4,"45,048","18,019",0,0,0,4,"46,182","35,095",3,"70,721","21,816",4,"4,095","2,048",138,138
Aj Jazirah,SD15,Janub Aj Jazirah,SD15031,3,0,0,3,"95,615","42,623",3,"50,490","25,245",3,"59,107","23,046",3,"44,794","17,917",1,"37,192",0,4,"32,013","12,805",0,0,0,3,"54,443","6,588",3,"141,531","15,088",0,0,0,138,138
Aj Jazirah,SD15,Um Algura,SD15032,3,"69,394",0,3,"118,593","42,000",2,"110,967",0,3,"33,861","12,896",3,"56,625","22,651",3,"38,622","1,939",4,"38,014","15,206",0,0,0,3,"25,821","4,820",4,"98,450","75,713",4,"1,244",622,14,14
Aj Jazirah,SD15,Sharg Aj Jazirah,SD15033,3,0,0,3,"116,803","36,983",2,"46,576",0,3,"54,309","20,996",3,"40,853","16,341",3,"37,122","1,871",4,"30,129","12,052",0,0,0,3,"50,410","15,123",3,"132,950","33,154",0,0,0,166,166
Aj Jazirah,SD15,Al Hasahisa,SD15034,3,0,0,3,"140,085","132,876",3,"75,414","37,707",3,"72,431","27,994",2,0,0,3,"44,811","2,257",4,"42,041","16,816",0,0,0,4,"93,910","32,300",4,"236,666","88,043",4,"1,902",951,"19,234","19,234"
Aj Jazirah,SD15,Al Kamlin,SD15035,4,"124,864","35,776",3,"206,718","77,164",3,"158,478","79,239",3,"35,739","13,956",3,"97,218","9,723",3,"67,210","39,131",4,"65,557",0,0,0,0,4,"100,544","7,845",4,"278,261","138,653",4,"1,320",660,138,138
Aj Jazirah,SD15,Al Manaqil,SD15036,3,0,0,3,"132,561","38,401",3,"68,103","34,052",3,"83,487","30,516",2,0,0,3,"46,422","2,336",4,"40,463","16,185",0,0,0,3,"66,596","8,202",4,"207,093","130,437",4,550,275,28,28
Aj Jazirah,SD15,Al Qurashi,SD15037,3,0,0,3,"64,473","23,608",2,"29,485",0,3,"48,759","20,650",3,"25,439","10,175",3,"22,972","1,158",3,"13,665","3,416",0,0,0,3,"30,835",0,4,"83,520","76,771",3,465,233,0,0
River Nile,SD16,Abu Hamad,SD16008,3,0,0,3,"33,720","45,065",2,"62,200",0,4,"27,469","15,351",3,"30,910","12,364",3,"18,546",929,4,"20,021","8,008",0,0,0,3,"16,860","3,147",3,"53,122","9,813",4,5,3,0,0
River Nile,SD16,Al Matama,SD16009,4,"74,334","66,901",3,"115,039","51,974",2,"196,122",0,3,"37,443","17,164",3,"105,453","42,181",4,"63,271","50,623",4,"68,300","27,320",0,0,0,4,"76,693","29,143",3,"95,713","43,675",0,0,0,0,0
River Nile,SD16,Shendi,SD16010,4,"77,978","70,136",3,"120,226","54,606",3,"212,570","106,285",3,"73,097","31,158",3,"110,113","44,045",4,"66,124","52,812",4,"71,602","28,641",0,0,0,4,"80,226","30,472",4,"217,776","87,386",4,"10,000","5,000","1,130","1,130"
River Nile,SD16,Ad Damar,SD16011,4,"85,219","76,697",3,"131,884","59,752",2,"225,966",0,3,"39,190","16,247",3,"120,893","48,357",4,"72,536","58,035",4,"78,302","31,321",0,0,0,4,"87,923","33,411",3,"167,281","36,193",4,"2,082","1,041",0,0
River Nile,SD16,Atbara,SD16012,4,"79,764","71,729",3,"122,839","55,769",3,"208,146","104,073",3,"19,038","7,983",3,"112,477","44,991",4,"67,561","53,931",4,"73,229","29,292",0,0,0,4,"81,993","31,140",3,"104,012","47,850",0,0,0,"1,506","1,506"
River Nile,SD16,Barbar,SD16013,4,"38,127","34,271",2,"56,066","55,614",2,"119,407",0,4,"36,343","16,556",3,"53,580","21,432",3,"32,204","25,673",4,"34,986","13,994",0,0,0,3,"29,389","5,479",3,"46,508","19,315",0,0,0,"1,130","1,130"
River Nile,SD16,Al Buhaira,SD16014,3,"24,155",0,2,"62,304","31,152",3,"62,304","31,152",3,"14,696","6,700",3,"34,267","13,707",3,"20,561","1,030",4,"22,194","8,878",0,0,0,3,"18,691","3,489",3,"54,100","26,984",0,0,0,0,0
Northern,SD17,Halfa,SD17014,4,"29,912","28,157",3,"75,418","40,907",3,"81,130","40,565",3,"4,220","1,692",3,"54,700","21,880",3,"31,457","27,416",4,"28,011","11,204",0,0,0,4,"36,312","28,141",3,"41,213","9,612",0,0,0,0,0
Northern,SD17,Delgo,SD17015,4,"34,707","31,236",3,"55,950","45,332",2,"89,520",0,3,"11,108","4,820",2,0,0,3,"29,542","23,636",4,"31,890","12,756",0,0,0,3,"26,856","5,013",3,"28,714","7,162",0,0,0,0,0
Northern,SD17,Al Burgaig,SD17016,3,"34,352",0,3,"53,162","15,004",2,"88,604",0,4,"14,305","6,410",2,0,0,1,"29,239","1,464",4,"31,563","12,625",0,0,0,3,"26,581","4,962",3,"24,756","11,705",4,"1,347",673,0,0
Northern,SD17,Dongola,SD17017,4,"40,601","36,652",3,"101,731","55,358",3,"100,983","50,492",4,"33,154","16,138",2,0,0,3,"33,542","26,455",4,"36,234","14,494",0,0,0,4,"46,059","34,103",3,"49,542","9,008",0,0,0,844,844
Northern,SD17,Al Golid,SD17018,3,"31,256",0,3,"48,372","12,757",2,"80,620",0,3,"12,946","5,455",2,0,0,1,"26,605","1,332",4,"28,718","11,487",0,0,0,3,"24,186","4,515",3,"27,944","12,757",0,0,0,0,0
Northern,SD17,Ad Dabbah,SD17019,4,"71,349","65,935",3,"157,265","75,317",2,"145,690",0,4,"22,957","9,524",2,0,0,3,"50,867","37,002",4,"53,189","21,276",0,0,0,4,"71,628","25,191",3,"44,777","22,290",0,0,0,220,220
Northern,SD17,Merwoe,SD17020,4,"60,094","54,861",3,"140,951","56,872",2,"134,930",0,3,"23,393","9,071",2,0,0,3,"46,726","35,725",4,"49,655","19,862",0,0,0,4,"64,726","23,467",3,"74,657","19,034",0,0,0,44,44
West Kordofan,SD18,Ghubaish,SD18021,3,0,0,3,"49,663","34,203",2,"38,225",0,4,"18,244","7,023",3,"18,503","4,626",3,"13,685",688,3,"11,756","2,939",0,0,0,3,"17,607","2,000",4,"75,460","32,759",4,"1,149",574,"7,917","7,917"
West Kordofan,SD18,An Nuhud,SD18022,3,"62,565",0,3,"112,183","75,850",2,"77,466",0,4,"31,865","12,815",4,"48,509","19,404",3,"33,576","1,686",3,"26,549","6,637",1,"23,331",0,4,"46,663","21,768",5,"159,752","70,251",4,"4,963","2,482",0,0
West Kordofan,SD18,Abu Zabad,SD18028,3,"24,262",0,4,"39,270","23,391",3,"26,764","13,382",4,"11,702","4,713",4,"15,073","6,029",3,"11,193",563,3,"8,341","2,085",1,0,0,3,"14,475",800,3,"29,073","5,595",4,"6,040","3,020",609,609
West Kordofan,SD18,Wad Bandah,SD18029,3,0,0,3,"32,983","26,604",2,"13,360",0,3,"17,613","6,837",3,"11,007","2,752",3,"9,577",482,3,"5,930","1,483",0,0,0,2,0,0,4,"46,858","18,742",4,812,406,4,4
West Kordofan,SD18,Keilak,SD18085,4,"19,837","10,940",4,"41,795","37,038",2,"32,423",0,4,"5,031","2,012",3,"15,673","3,919",3,"10,790",542,2,0,0,0,0,0,3,"4,692","1,877",3,"18,622","23,025",4,"7,740","3,870","8,937","8,937"
West Kordofan,SD18,As Salam - WK,SD18086,4,"23,098","12,901",3,"45,874","33,179",3,"41,495","20,748",3,"8,930","3,259",4,"22,073","8,829",4,"14,432","9,587",4,"15,277","6,111",1,"9,539",0,3,"15,496","1,400",3,"33,872","24,922",4,"8,391","4,196","2,683","2,683"
West Kordofan,SD18,Abyei,SD18087,3,0,0,4,"56,767","34,029",1,"45,717",0,4,"10,553","4,141",3,"24,534","6,134",3,"16,662",836,3,"14,114","3,529",1,0,0,3,0,0,4,"68,357","34,029",4,"5,406","2,703","3,173","3,173"
West Kordofan,SD18,As Sunut,SD18092,3,"25,666",0,3,"35,107","16,793",2,"17,753",0,3,"14,111","5,398",4,"13,090","5,237",3,"10,445",0,3,"7,099","1,775",1,"8,058",0,3,"14,678",0,4,"49,363","27,430",4,"2,605","1,303",0,0
West Kordofan,SD18,Babanusa,SD18100,3,"17,335",0,3,"39,600","38,968",3,"34,487","17,244",3,"6,586","2,789",3,"17,264","4,317",3,"11,173",560,3,"10,766","2,692",0,0,0,3,"11,786","1,400",4,"42,995","20,121",0,0,0,"6,059","6,059"
West Kordofan,SD18,Al Lagowa,SD18102,3,"24,479",0,4,"51,508","42,377",3,"43,754","21,877",3,"10,532","4,089",5,"26,003","15,602",3,"16,571",831,3,"14,299",0,1,"10,689",0,4,"21,379","7,426",4,"66,158","28,413",5,"17,466","8,733",2,2
West Kordofan,SD18,Al Dibab,SD18103,3,"17,675",0,4,"29,569","17,987",3,"16,460","8,230",4,"12,380","5,814",3,"11,966","2,992",3,"8,636",434,3,"4,994","1,249",0,0,0,3,"10,764","2,600",4,"32,301","20,516",0,0,0,0,0
West Kordofan,SD18,Al Idia,SD18104,3,0,0,3,"75,727","52,565",2,"69,343",0,3,"12,024","4,517",3,"37,106","3,710",3,"23,679","1,187",3,"21,137",0,0,0,0,3,"24,357",0,4,"90,313","14,081",4,"28,639","14,320","3,477","3,477"
West Kordofan,SD18,Al Khiwai,SD18105,3,"18,132",0,3,"25,564","10,237",2,"8,216",0,3,"7,954","2,916",3,"8,374","2,094",3,"6,952",350,3,"4,526","1,132",0,0,0,2,0,0,3,"23,237","20,204",0,0,0,0,0
West Kordofan,SD18,Al Meiram,SD18106,3,"11,459",0,3,"24,544","25,424",1,"20,443",0,3,"5,355","2,384",3,"6,881","1,721",3,"5,171",260,2,0,0,0,0,0,4,0,0,4,"25,195","13,301",4,"2,324","1,162","11,719","11,719"
Abyei PCA,SD19,Abyei PCA area,SD19101,3,0,0,0,0,0,4,"29,245","20,472",3,"20,945","8,234",0,0,0,1,"3,217",0,3,"1,544",0,0,0,0,3,"5,849",0,4,"23,484","4,297",0,0,0,0,0
North Darfur,SD02,Al Waha,SDTEMP,4,0,0,0,0,0,1,0,0,4,"37,986","15,914",0,0,0,0,0,0,4,0,0,0,0,0,0,0,0,4,0,0,0,0,0,0,0
,,,,,,,,,,,,,,,,,,,,,,,,,,,,,,,,,,,,,,
,,,,,,,,,,,,,,,,,,,,,,,,,,,,,,,,,,,,,,
,,,,,,,,,,,,,,,,,,,,,,,,,,,,,,,,,,,,,,
,,,,,,,,,,,,,,,,,,,,,,,,,,,,,,,,,,,,,,
,,,,,,,,,,,,,,,,,,,,,,,,,,,,,,,,,,,,,,
,,,,,,,,,,,,,,,,,,,,,,,,,,,,,,,,,,,,,,
,,,,,,,,,,,,,,,,,,,,,,,,,,,,,,,,,,,,,,
,,,,,,,,,,,,,,,,,,,,,,,,,,,,,,,,,,,,,,
,,,,,,,,,,,,,,,,,,,,,,,,,,,,,,,,,,,,,,
,,,,,,,,,,,,,,,,,,,,,,,,,,,,,,,,,,,,,,
,,,,,,,,,,,,,,,,,,,,,,,,,,,,,,,,,,,,,,
,,,,,,,,,,,,,,,,,,,,,,,,,,,,,,,,,,,,,,
,,,,,,,,,,,,,,,,,,,,,,,,,,,,,,,,,,,,,,
,,,,,,,,,,,,,,,,,,,,,,,,,,,,,,,,,,,,,,
,,,,,,,,,,,,,,,,,,,,,,,,,,,,,,,,,,,,,,
,,,,,,,,,,,,,,,,,,,,,,,,,,,,,,,,,,,,,,
,,,,,,,,,,,,,,,,,,,,,,,,,,,,,,,,,,,,,,
,,,,,,,,,,,,,,,,,,,,,,,,,,,,,,,,,,,,,,
,,,,,,,,,,,,,,,,,,,,,,,,,,,,,,,,,,,,,,
,,,,,,,,,,,,,,,,,,,,,,,,,,,,,,,,,,,,,,
,,,,,,,,,,,,,,,,,,,,,,,,,,,,,,,,,,,,,,
,,,,,,,,,,,,,,,,,,,,,,,,,,,,,,,,,,,,,,
,,,,,,,,,,,,,,,,,,,,,,,,,,,,,,,,,,,,,,
,,,,,,,,,,,,,,,,,,,,,,,,,,,,,,,,,,,,,,
,,,,,,,,,,,,,,,,,,,,,,,,,,,,,,,,,,,,,,
,,,,,,,,,,,,,,,,,,,,,,,,,,,,,,,,,,,,,,
,,,,,,,,,,,,,,,,,,,,,,,,,,,,,,,,,,,,,,
,,,,,,,,,,,,,,,,,,,,,,,,,,,,,,,,,,,,,,
,,,,,,,,,,,,,,,,,,,,,,,,,,,,,,,,,,,,,,
,,,,,,,,,,,,,,,,,,,,,,,,,,,,,,,,,,,,,,
,,,,,,,,,,,,,,,,,,,,,,,,,,,,,,,,,,,,,,
,,,,,,,,,,,,,,,,,,,,,,,,,,,,,,,,,,,,,,
,,,,,,,,,,,,,,,,,,,,,,,,,,,,,,,,,,,,,,
,,,,,,,,,,,,,,,,,,,,,,,,,,,,,,,,,,,,,,
,,,,,,,,,,,,,,,,,,,,,,,,,,,,,,,,,,,,,,
,,,,,,,,,,,,,,,,,,,,,,,,,,,,,,,,,,,,,,
,,,,,,,,,,,,,,,,,,,,,,,,,,,,,,,,,,,,,,
,,,,,,,,,,,,,,,,,,,,,,,,,,,,,,,,,,,,,,
,,,,,,,,,,,,,,,,,,,,,,,,,,,,,,,,,,,,,,
,,,,,,,,,,,,,,,,,,,,,,,,,,,,,,,,,,,,,,
,,,,,,,,,,,,,,,,,,,,,,,,,,,,,,,,,,,,,,
,,,,,,,,,,,,,,,,,,,,,,,,,,,,,,,,,,,,,,
,,,,,,,,,,,,,,,,,,,,,,,,,,,,,,,,,,,,,,
,,,,,,,,,,,,,,,,,,,,,,,,,,,,,,,,,,,,,,
,,,,,,,,,,,,,,,,,,,,,,,,,,,,,,,,,,,,,,
,,,,,,,,,,,,,,,,,,,,,,,,,,,,,,,,,,,,,,
,,,,,,,,,,,,,,,,,,,,,,,,,,,,,,,,,,,,,,
,,,,,,,,,,,,,,,,,,,,,,,,,,,,,,,,,,,,,,
,,,,,,,,,,,,,,,,,,,,,,,,,,,,,,,,,,,,,,
,,,,,,,,,,,,,,,,,,,,,,,,,,,,,,,,,,,,,,
,,,,,,,,,,,,,,,,,,,,,,,,,,,,,,,,,,,,,,
,,,,,,,,,,,,,,,,,,,,,,,,,,,,,,,,,,,,,,
,,,,,,,,,,,,,,,,,,,,,,,,,,,,,,,,,,,,,,
,,,,,,,,,,,,,,,,,,,,,,,,,,,,,,,,,,,,,,
,,,,,,,,,,,,,,,,,,,,,,,,,,,,,,,,,,,,,,
,,,,,,,,,,,,,,,,,,,,,,,,,,,,,,,,,,,,,,
,,,,,,,,,,,,,,,,,,,,,,,,,,,,,,,,,,,,,,
,,,,,,,,,,,,,,,,,,,,,,,,,,,,,,,,,,,,,,
,,,,,,,,,,,,,,,,,,,,,,,,,,,,,,,,,,,,,,
,,,,,,,,,,,,,,,,,,,,,,,,,,,,,,,,,,,,,,
,,,,,,,,,,,,,,,,,,,,,,,,,,,,,,,,,,,,,,
,,,,,,,,,,,,,,,,,,,,,,,,,,,,,,,,,,,,,,
,,,,,,,,,,,,,,,,,,,,,,,,,,,,,,,,,,,,,,
,,,,,,,,,,,,,,,,,,,,,,,,,,,,,,,,,,,,,,
,,,,,,,,,,,,,,,,,,,,,,,,,,,,,,,,,,,,,,
,,,,,,,,,,,,,,,,,,,,,,,,,,,,,,,,,,,,,,
,,,,,,,,,,,,,,,,,,,,,,,,,,,,,,,,,,,,,,
,,,,,,,,,,,,,,,,,,,,,,,,,,,,,,,,,,,,,,
,,,,,,,,,,,,,,,,,,,,,,,,,,,,,,,,,,,,,,
,,,,,,,,,,,,,,,,,,,,,,,,,,,,,,,,,,,,,,
,,,,,,,,,,,,,,,,,,,,,,,,,,,,,,,,,,,,,,
,,,,,,,,,,,,,,,,,,,,,,,,,,,,,,,,,,,,,,
,,,,,,,,,,,,,,,,,,,,,,,,,,,,,,,,,,,,,,
,,,,,,,,,,,,,,,,,,,,,,,,,,,,,,,,,,,,,,
,,,,,,,,,,,,,,,,,,,,,,,,,,,,,,,,,,,,,,
,,,,,,,,,,,,,,,,,,,,,,,,,,,,,,,,,,,,,,
,,,,,,,,,,,,,,,,,,,,,,,,,,,,,,,,,,,,,,
,,,,,,,,,,,,,,,,,,,,,,,,,,,,,,,,,,,,,,
,,,,,,,,,,,,,,,,,,,,,,,,,,,,,,,,,,,,,,
,,,,,,,,,,,,,,,,,,,,,,,,,,,,,,,,,,,,,,
,,,,,,,,,,,,,,,,,,,,,,,,,,,,,,,,,,,,,,
,,,,,,,,,,,,,,,,,,,,,,,,,,,,,,,,,,,,,,
,,,,,,,,,,,,,,,,,,,,,,,,,,,,,,,,,,,,,,
,,,,,,,,,,,,,,,,,,,,,,,,,,,,,,,,,,,,,,
,,,,,,,,,,,,,,,,,,,,,,,,,,,,,,,,,,,,,,
,,,,,,,,,,,,,,,,,,,,,,,,,,,,,,,,,,,,,,
,,,,,,,,,,,,,,,,,,,,,,,,,,,,,,,,,,,,,,
,,,,,,,,,,,,,,,,,,,,,,,,,,,,,,,,,,,,,,
,,,,,,,,,,,,,,,,,,,,,,,,,,,,,,,,,,,,,,
,,,,,,,,,,,,,,,,,,,,,,,,,,,,,,,,,,,,,,
,,,,,,,,,,,,,,,,,,,,,,,,,,,,,,,,,,,,,,
,,,,,,,,,,,,,,,,,,,,,,,,,,,,,,,,,,,,,,
,,,,,,,,,,,,,,,,,,,,,,,,,,,,,,,,,,,,,,
,,,,,,,,,,,,,,,,,,,,,,,,,,,,,,,,,,,,,,
,,,,,,,,,,,,,,,,,,,,,,,,,,,,,,,,,,,,,,
,,,,,,,,,,,,,,,,,,,,,,,,,,,,,,,,,,,,,,
,,,,,,,,,,,,,,,,,,,,,,,,,,,,,,,,,,,,,,
,,,,,,,,,,,,,,,,,,,,,,,,,,,,,,,,,,,,,,
,,,,,,,,,,,,,,,,,,,,,,,,,,,,,,,,,,,,,,
,,,,,,,,,,,,,,,,,,,,,,,,,,,,,,,,,,,,,,
,,,,,,,,,,,,,,,,,,,,,,,,,,,,,,,,,,,,,,
,,,,,,,,,,,,,,,,,,,,,,,,,,,,,,,,,,,,,,
,,,,,,,,,,,,,,,,,,,,,,,,,,,,,,,,,,,,,,
,,,,,,,,,,,,,,,,,,,,,,,,,,,,,,,,,,,,,,
,,,,,,,,,,,,,,,,,,,,,,,,,,,,,,,,,,,,,,
,,,,,,,,,,,,,,,,,,,,,,,,,,,,,,,,,,,,,,
,,,,,,,,,,,,,,,,,,,,,,,,,,,,,,,,,,,,,,
,,,,,,,,,,,,,,,,,,,,,,,,,,,,,,,,,,,,,,
,,,,,,,,,,,,,,,,,,,,,,,,,,,,,,,,,,,,,,
,,,,,,,,,,,,,,,,,,,,,,,,,,,,,,,,,,,,,,
,,,,,,,,,,,,,,,,,,,,,,,,,,,,,,,,,,,,,,
,,,,,,,,,,,,,,,,,,,,,,,,,,,,,,,,,,,,,,
,,,,,,,,,,,,,,,,,,,,,,,,,,,,,,,,,,,,,,
,,,,,,,,,,,,,,,,,,,,,,,,,,,,,,,,,,,,,,
,,,,,,,,,,,,,,,,,,,,,,,,,,,,,,,,,,,,,,
,,,,,,,,,,,,,,,,,,,,,,,,,,,,,,,,,,,,,,
,,,,,,,,,,,,,,,,,,,,,,,,,,,,,,,,,,,,,,
,,,,,,,,,,,,,,,,,,,,,,,,,,,,,,,,,,,,,,
,,,,,,,,,,,,,,,,,,,,,,,,,,,,,,,,,,,,,,
,,,,,,,,,,,,,,,,,,,,,,,,,,,,,,,,,,,,,,
,,,,,,,,,,,,,,,,,,,,,,,,,,,,,,,,,,,,,,
,,,,,,,,,,,,,,,,,,,,,,,,,,,,,,,,,,,,,,
,,,,,,,,,,,,,,,,,,,,,,,,,,,,,,,,,,,,,,
,,,,,,,,,,,,,,,,,,,,,,,,,,,,,,,,,,,,,,
,,,,,,,,,,,,,,,,,,,,,,,,,,,,,,,,,,,,,,
,,,,,,,,,,,,,,,,,,,,,,,,,,,,,,,,,,,,,,
,,,,,,,,,,,,,,,,,,,,,,,,,,,,,,,,,,,,,,
,,,,,,,,,,,,,,,,,,,,,,,,,,,,,,,,,,,,,,
,,,,,,,,,,,,,,,,,,,,,,,,,,,,,,,,,,,,,,
,,,,,,,,,,,,,,,,,,,,,,,,,,,,,,,,,,,,,,
,,,,,,,,,,,,,,,,,,,,,,,,,,,,,,,,,,,,,,
,,,,,,,,,,,,,,,,,,,,,,,,,,,,,,,,,,,,,,
,,,,,,,,,,,,,,,,,,,,,,,,,,,,,,,,,,,,,,
,,,,,,,,,,,,,,,,,,,,,,,,,,,,,,,,,,,,,,
,,,,,,,,,,,,,,,,,,,,,,,,,,,,,,,,,,,,,,
,,,,,,,,,,,,,,,,,,,,,,,,,,,,,,,,,,,,,,
,,,,,,,,,,,,,,,,,,,,,,,,,,,,,,,,,,,,,,
,,,,,,,,,,,,,,,,,,,,,,,,,,,,,,,,,,,,,,
,,,,,,,,,,,,,,,,,,,,,,,,,,,,,,,,,,,,,,
,,,,,,,,,,,,,,,,,,,,,,,,,,,,,,,,,,,,,,
,,,,,,,,,,,,,,,,,,,,,,,,,,,,,,,,,,,,,,
,,,,,,,,,,,,,,,,,,,,,,,,,,,,,,,,,,,,,,
,,,,,,,,,,,,,,,,,,,,,,,,,,,,,,,,,,,,,,
,,,,,,,,,,,,,,,,,,,,,,,,,,,,,,,,,,,,,,
,,,,,,,,,,,,,,,,,,,,,,,,,,,,,,,,,,,,,,
,,,,,,,,,,,,,,,,,,,,,,,,,,,,,,,,,,,,,,
,,,,,,,,,,,,,,,,,,,,,,,,,,,,,,,,,,,,,,
,,,,,,,,,,,,,,,,,,,,,,,,,,,,,,,,,,,,,,
,,,,,,,,,,,,,,,,,,,,,,,,,,,,,,,,,,,,,,
,,,,,,,,,,,,,,,,,,,,,,,,,,,,,,,,,,,,,,
,,,,,,,,,,,,,,,,,,,,,,,,,,,,,,,,,,,,,,
,,,,,,,,,,,,,,,,,,,,,,,,,,,,,,,,,,,,,,
,,,,,,,,,,,,,,,,,,,,,,,,,,,,,,,,,,,,,,
,,,,,,,,,,,,,,,,,,,,,,,,,,,,,,,,,,,,,,
,,,,,,,,,,,,,,,,,,,,,,,,,,,,,,,,,,,,,,
,,,,,,,,,,,,,,,,,,,,,,,,,,,,,,,,,,,,,,
,,,,,,,,,,,,,,,,,,,,,,,,,,,,,,,,,,,,,,
,,,,,,,,,,,,,,,,,,,,,,,,,,,,,,,,,,,,,,
,,,,,,,,,,,,,,,,,,,,,,,,,,,,,,,,,,,,,,
,,,,,,,,,,,,,,,,,,,,,,,,,,,,,,,,,,,,,,
,,,,,,,,,,,,,,,,,,,,,,,,,,,,,,,,,,,,,,
,,,,,,,,,,,,,,,,,,,,,,,,,,,,,,,,,,,,,,
,,,,,,,,,,,,,,,,,,,,,,,,,,,,,,,,,,,,,,
,,,,,,,,,,,,,,,,,,,,,,,,,,,,,,,,,,,,,,
,,,,,,,,,,,,,,,,,,,,,,,,,,,,,,,,,,,,,,
,,,,,,,,,,,,,,,,,,,,,,,,,,,,,,,,,,,,,,
,,,,,,,,,,,,,,,,,,,,,,,,,,,,,,,,,,,,,,
,,,,,,,,,,,,,,,,,,,,,,,,,,,,,,,,,,,,,,
,,,,,,,,,,,,,,,,,,,,,,,,,,,,,,,,,,,,,,
,,,,,,,,,,,,,,,,,,,,,,,,,,,,,,,,,,,,,,
,,,,,,,,,,,,,,,,,,,,,,,,,,,,,,,,,,,,,,
,,,,,,,,,,,,,,,,,,,,,,,,,,,,,,,,,,,,,,
,,,,,,,,,,,,,,,,,,,,,,,,,,,,,,,,,,,,,,
,,,,,,,,,,,,,,,,,,,,,,,,,,,,,,,,,,,,,,
,,,,,,,,,,,,,,,,,,,,,,,,,,,,,,,,,,,,,,
,,,,,,,,,,,,,,,,,,,,,,,,,,,,,,,,,,,,,,
,,,,,,,,,,,,,,,,,,,,,,,,,,,,,,,,,,,,,,
,,,,,,,,,,,,,,,,,,,,,,,,,,,,,,,,,,,,,,
,,,,,,,,,,,,,,,,,,,,,,,,,,,,,,,,,,,,,,
,,,,,,,,,,,,,,,,,,,,,,,,,,,,,,,,,,,,,,
,,,,,,,,,,,,,,,,,,,,,,,,,,,,,,,,,,,,,,
,,,,,,,,,,,,,,,,,,,,,,,,,,,,,,,,,,,,,,
,,,,,,,,,,,,,,,,,,,,,,,,,,,,,,,,,,,,,,
,,,,,,,,,,,,,,,,,,,,,,,,,,,,,,,,,,,,,,
,,,,,,,,,,,,,,,,,,,,,,,,,,,,,,,,,,,,,,
,,,,,,,,,,,,,,,,,,,,,,,,,,,,,,,,,,,,,,
,,,,,,,,,,,,,,,,,,,,,,,,,,,,,,,,,,,,,,
,,,,,,,,,,,,,,,,,,,,,,,,,,,,,,,,,,,,,,
,,,,,,,,,,,,,,,,,,,,,,,,,,,,,,,,,,,,,,
,,,,,,,,,,,,,,,,,,,,,,,,,,,,,,,,,,,,,,
,,,,,,,,,,,,,,,,,,,,,,,,,,,,,,,,,,,,,,
,,,,,,,,,,,,,,,,,,,,,,,,,,,,,,,,,,,,,,
,,,,,,,,,,,,,,,,,,,,,,,,,,,,,,,,,,,,,,
,,,,,,,,,,,,,,,,,,,,,,,,,,,,,,,,,,,,,,
,,,,,,,,,,,,,,,,,,,,,,,,,,,,,,,,,,,,,,
,,,,,,,,,,,,,,,,,,,,,,,,,,,,,,,,,,,,,,
,,,,,,,,,,,,,,,,,,,,,,,,,,,,,,,,,,,,,,
,,,,,,,,,,,,,,,,,,,,,,,,,,,,,,,,,,,,,,
,,,,,,,,,,,,,,,,,,,,,,,,,,,,,,,,,,,,,,
,,,,,,,,,,,,,,,,,,,,,,,,,,,,,,,,,,,,,,
,,,,,,,,,,,,,,,,,,,,,,,,,,,,,,,,,,,,,,
,,,,,,,,,,,,,,,,,,,,,,,,,,,,,,,,,,,,,,
,,,,,,,,,,,,,,,,,,,,,,,,,,,,,,,,,,,,,,
,,,,,,,,,,,,,,,,,,,,,,,,,,,,,,,,,,,,,,
,,,,,,,,,,,,,,,,,,,,,,,,,,,,,,,,,,,,,,
,,,,,,,,,,,,,,,,,,,,,,,,,,,,,,,,,,,,,,
,,,,,,,,,,,,,,,,,,,,,,,,,,,,,,,,,,,,,,
,,,,,,,,,,,,,,,,,,,,,,,,,,,,,,,,,,,,,,
,,,,,,,,,,,,,,,,,,,,,,,,,,,,,,,,,,,,,,
,,,,,,,,,,,,,,,,,,,,,,,,,,,,,,,,,,,,,,
,,,,,,,,,,,,,,,,,,,,,,,,,,,,,,,,,,,,,,
,,,,,,,,,,,,,,,,,,,,,,,,,,,,,,,,,,,,,,
,,,,,,,,,,,,,,,,,,,,,,,,,,,,,,,,,,,,,,
,,,,,,,,,,,,,,,,,,,,,,,,,,,,,,,,,,,,,,
,,,,,,,,,,,,,,,,,,,,,,,,,,,,,,,,,,,,,,
,,,,,,,,,,,,,,,,,,,,,,,,,,,,,,,,,,,,,,
,,,,,,,,,,,,,,,,,,,,,,,,,,,,,,,,,,,,,,
,,,,,,,,,,,,,,,,,,,,,,,,,,,,,,,,,,,,,,
,,,,,,,,,,,,,,,,,,,,,,,,,,,,,,,,,,,,,,
,,,,,,,,,,,,,,,,,,,,,,,,,,,,,,,,,,,,,,
,,,,,,,,,,,,,,,,,,,,,,,,,,,,,,,,,,,,,,
,,,,,,,,,,,,,,,,,,,,,,,,,,,,,,,,,,,,,,
,,,,,,,,,,,,,,,,,,,,,,,,,,,,,,,,,,,,,,
,,,,,,,,,,,,,,,,,,,,,,,,,,,,,,,,,,,,,,
,,,,,,,,,,,,,,,,,,,,,,,,,,,,,,,,,,,,,,
,,,,,,,,,,,,,,,,,,,,,,,,,,,,,,,,,,,,,,
,,,,,,,,,,,,,,,,,,,,,,,,,,,,,,,,,,,,,,
,,,,,,,,,,,,,,,,,,,,,,,,,,,,,,,,,,,,,,
,,,,,,,,,,,,,,,,,,,,,,,,,,,,,,,,,,,,,,
,,,,,,,,,,,,,,,,,,,,,,,,,,,,,,,,,,,,,,
,,,,,,,,,,,,,,,,,,,,,,,,,,,,,,,,,,,,,,
,,,,,,,,,,,,,,,,,,,,,,,,,,,,,,,,,,,,,,
,,,,,,,,,,,,,,,,,,,,,,,,,,,,,,,,,,,,,,
,,,,,,,,,,,,,,,,,,,,,,,,,,,,,,,,,,,,,,
,,,,,,,,,,,,,,,,,,,,,,,,,,,,,,,,,,,,,,
,,,,,,,,,,,,,,,,,,,,,,,,,,,,,,,,,,,,,,
,,,,,,,,,,,,,,,,,,,,,,,,,,,,,,,,,,,,,,
,,,,,,,,,,,,,,,,,,,,,,,,,,,,,,,,,,,,,,
,,,,,,,,,,,,,,,,,,,,,,,,,,,,,,,,,,,,,,
,,,,,,,,,,,,,,,,,,,,,,,,,,,,,,,,,,,,,,
,,,,,,,,,,,,,,,,,,,,,,,,,,,,,,,,,,,,,,
,,,,,,,,,,,,,,,,,,,,,,,,,,,,,,,,,,,,,,
,,,,,,,,,,,,,,,,,,,,,,,,,,,,,,,,,,,,,,
,,,,,,,,,,,,,,,,,,,,,,,,,,,,,,,,,,,,,,
,,,,,,,,,,,,,,,,,,,,,,,,,,,,,,,,,,,,,,
,,,,,,,,,,,,,,,,,,,,,,,,,,,,,,,,,,,,,,
,,,,,,,,,,,,,,,,,,,,,,,,,,,,,,,,,,,,,,
,,,,,,,,,,,,,,,,,,,,,,,,,,,,,,,,,,,,,,
,,,,,,,,,,,,,,,,,,,,,,,,,,,,,,,,,,,,,,
,,,,,,,,,,,,,,,,,,,,,,,,,,,,,,,,,,,,,,
,,,,,,,,,,,,,,,,,,,,,,,,,,,,,,,,,,,,,,
,,,,,,,,,,,,,,,,,,,,,,,,,,,,,,,,,,,,,,
,,,,,,,,,,,,,,,,,,,,,,,,,,,,,,,,,,,,,,
,,,,,,,,,,,,,,,,,,,,,,,,,,,,,,,,,,,,,,
,,,,,,,,,,,,,,,,,,,,,,,,,,,,,,,,,,,,,,
,,,,,,,,,,,,,,,,,,,,,,,,,,,,,,,,,,,,,,
,,,,,,,,,,,,,,,,,,,,,,,,,,,,,,,,,,,,,,
,,,,,,,,,,,,,,,,,,,,,,,,,,,,,,,,,,,,,,
,,,,,,,,,,,,,,,,,,,,,,,,,,,,,,,,,,,,,,
,,,,,,,,,,,,,,,,,,,,,,,,,,,,,,,,,,,,,,
,,,,,,,,,,,,,,,,,,,,,,,,,,,,,,,,,,,,,,
,,,,,,,,,,,,,,,,,,,,,,,,,,,,,,,,,,,,,,
,,,,,,,,,,,,,,,,,,,,,,,,,,,,,,,,,,,,,,
,,,,,,,,,,,,,,,,,,,,,,,,,,,,,,,,,,,,,,
,,,,,,,,,,,,,,,,,,,,,,,,,,,,,,,,,,,,,,
,,,,,,,,,,,,,,,,,,,,,,,,,,,,,,,,,,,,,,
,,,,,,,,,,,,,,,,,,,,,,,,,,,,,,,,,,,,,,
,,,,,,,,,,,,,,,,,,,,,,,,,,,,,,,,,,,,,,
,,,,,,,,,,,,,,,,,,,,,,,,,,,,,,,,,,,,,,
,,,,,,,,,,,,,,,,,,,,,,,,,,,,,,,,,,,,,,
,,,,,,,,,,,,,,,,,,,,,,,,,,,,,,,,,,,,,,
,,,,,,,,,,,,,,,,,,,,,,,,,,,,,,,,,,,,,,
,,,,,,,,,,,,,,,,,,,,,,,,,,,,,,,,,,,,,,
,,,,,,,,,,,,,,,,,,,,,,,,,,,,,,,,,,,,,,
,,,,,,,,,,,,,,,,,,,,,,,,,,,,,,,,,,,,,,
,,,,,,,,,,,,,,,,,,,,,,,,,,,,,,,,,,,,,,
,,,,,,,,,,,,,,,,,,,,,,,,,,,,,,,,,,,,,,
,,,,,,,,,,,,,,,,,,,,,,,,,,,,,,,,,,,,,,
,,,,,,,,,,,,,,,,,,,,,,,,,,,,,,,,,,,,,,
,,,,,,,,,,,,,,,,,,,,,,,,,,,,,,,,,,,,,,
,,,,,,,,,,,,,,,,,,,,,,,,,,,,,,,,,,,,,,
,,,,,,,,,,,,,,,,,,,,,,,,,,,,,,,,,,,,,,
,,,,,,,,,,,,,,,,,,,,,,,,,,,,,,,,,,,,,,
,,,,,,,,,,,,,,,,,,,,,,,,,,,,,,,,,,,,,,
,,,,,,,,,,,,,,,,,,,,,,,,,,,,,,,,,,,,,,
,,,,,,,,,,,,,,,,,,,,,,,,,,,,,,,,,,,,,,
,,,,,,,,,,,,,,,,,,,,,,,,,,,,,,,,,,,,,,
,,,,,,,,,,,,,,,,,,,,,,,,,,,,,,,,,,,,,,
,,,,,,,,,,,,,,,,,,,,,,,,,,,,,,,,,,,,,,
,,,,,,,,,,,,,,,,,,,,,,,,,,,,,,,,,,,,,,
,,,,,,,,,,,,,,,,,,,,,,,,,,,,,,,,,,,,,,
,,,,,,,,,,,,,,,,,,,,,,,,,,,,,,,,,,,,,,
,,,,,,,,,,,,,,,,,,,,,,,,,,,,,,,,,,,,,,
,,,,,,,,,,,,,,,,,,,,,,,,,,,,,,,,,,,,,,
,,,,,,,,,,,,,,,,,,,,,,,,,,,,,,,,,,,,,,
,,,,,,,,,,,,,,,,,,,,,,,,,,,,,,,,,,,,,,
,,,,,,,,,,,,,,,,,,,,,,,,,,,,,,,,,,,,,,
,,,,,,,,,,,,,,,,,,,,,,,,,,,,,,,,,,,,,,
,,,,,,,,,,,,,,,,,,,,,,,,,,,,,,,,,,,,,,
,,,,,,,,,,,,,,,,,,,,,,,,,,,,,,,,,,,,,,
,,,,,,,,,,,,,,,,,,,,,,,,,,,,,,,,,,,,,,
,,,,,,,,,,,,,,,,,,,,,,,,,,,,,,,,,,,,,,
,,,,,,,,,,,,,,,,,,,,,,,,,,,,,,,,,,,,,,
,,,,,,,,,,,,,,,,,,,,,,,,,,,,,,,,,,,,,,
,,,,,,,,,,,,,,,,,,,,,,,,,,,,,,,,,,,,,,
,,,,,,,,,,,,,,,,,,,,,,,,,,,,,,,,,,,,,,
,,,,,,,,,,,,,,,,,,,,,,,,,,,,,,,,,,,,,,
,,,,,,,,,,,,,,,,,,,,,,,,,,,,,,,,,,,,,,
,,,,,,,,,,,,,,,,,,,,,,,,,,,,,,,,,,,,,,
,,,,,,,,,,,,,,,,,,,,,,,,,,,,,,,,,,,,,,
,,,,,,,,,,,,,,,,,,,,,,,,,,,,,,,,,,,,,,
,,,,,,,,,,,,,,,,,,,,,,,,,,,,,,,,,,,,,,
,,,,,,,,,,,,,,,,,,,,,,,,,,,,,,,,,,,,,,
,,,,,,,,,,,,,,,,,,,,,,,,,,,,,,,,,,,,,,
,,,,,,,,,,,,,,,,,,,,,,,,,,,,,,,,,,,,,,
,,,,,,,,,,,,,,,,,,,,,,,,,,,,,,,,,,,,,,
,,,,,,,,,,,,,,,,,,,,,,,,,,,,,,,,,,,,,,
,,,,,,,,,,,,,,,,,,,,,,,,,,,,,,,,,,,,,,
,,,,,,,,,,,,,,,,,,,,,,,,,,,,,,,,,,,,,,
,,,,,,,,,,,,,,,,,,,,,,,,,,,,,,,,,,,,,,
,,,,,,,,,,,,,,,,,,,,,,,,,,,,,,,,,,,,,,
,,,,,,,,,,,,,,,,,,,,,,,,,,,,,,,,,,,,,,
,,,,,,,,,,,,,,,,,,,,,,,,,,,,,,,,,,,,,,
,,,,,,,,,,,,,,,,,,,,,,,,,,,,,,,,,,,,,,
,,,,,,,,,,,,,,,,,,,,,,,,,,,,,,,,,,,,,,
,,,,,,,,,,,,,,,,,,,,,,,,,,,,,,,,,,,,,,
,,,,,,,,,,,,,,,,,,,,,,,,,,,,,,,,,,,,,,
,,,,,,,,,,,,,,,,,,,,,,,,,,,,,,,,,,,,,,
,,,,,,,,,,,,,,,,,,,,,,,,,,,,,,,,,,,,,,
,,,,,,,,,,,,,,,,,,,,,,,,,,,,,,,,,,,,,,
,,,,,,,,,,,,,,,,,,,,,,,,,,,,,,,,,,,,,,
,,,,,,,,,,,,,,,,,,,,,,,,,,,,,,,,,,,,,,
,,,,,,,,,,,,,,,,,,,,,,,,,,,,,,,,,,,,,,
,,,,,,,,,,,,,,,,,,,,,,,,,,,,,,,,,,,,,,
,,,,,,,,,,,,,,,,,,,,,,,,,,,,,,,,,,,,,,
,,,,,,,,,,,,,,,,,,,,,,,,,,,,,,,,,,,,,,
,,,,,,,,,,,,,,,,,,,,,,,,,,,,,,,,,,,,,,
,,,,,,,,,,,,,,,,,,,,,,,,,,,,,,,,,,,,,,
,,,,,,,,,,,,,,,,,,,,,,,,,,,,,,,,,,,,,,
,,,,,,,,,,,,,,,,,,,,,,,,,,,,,,,,,,,,,,
,,,,,,,,,,,,,,,,,,,,,,,,,,,,,,,,,,,,,,
,,,,,,,,,,,,,,,,,,,,,,,,,,,,,,,,,,,,,,
,,,,,,,,,,,,,,,,,,,,,,,,,,,,,,,,,,,,,,
,,,,,,,,,,,,,,,,,,,,,,,,,,,,,,,,,,,,,,
,,,,,,,,,,,,,,,,,,,,,,,,,,,,,,,,,,,,,,
,,,,,,,,,,,,,,,,,,,,,,,,,,,,,,,,,,,,,,
,,,,,,,,,,,,,,,,,,,,,,,,,,,,,,,,,,,,,,
,,,,,,,,,,,,,,,,,,,,,,,,,,,,,,,,,,,,,,
,,,,,,,,,,,,,,,,,,,,,,,,,,,,,,,,,,,,,,
,,,,,,,,,,,,,,,,,,,,,,,,,,,,,,,,,,,,,,
,,,,,,,,,,,,,,,,,,,,,,,,,,,,,,,,,,,,,,
,,,,,,,,,,,,,,,,,,,,,,,,,,,,,,,,,,,,,,
,,,,,,,,,,,,,,,,,,,,,,,,,,,,,,,,,,,,,,
,,,,,,,,,,,,,,,,,,,,,,,,,,,,,,,,,,,,,,
,,,,,,,,,,,,,,,,,,,,,,,,,,,,,,,,,,,,,,
,,,,,,,,,,,,,,,,,,,,,,,,,,,,,,,,,,,,,,
,,,,,,,,,,,,,,,,,,,,,,,,,,,,,,,,,,,,,,
,,,,,,,,,,,,,,,,,,,,,,,,,,,,,,,,,,,,,,
,,,,,,,,,,,,,,,,,,,,,,,,,,,,,,,,,,,,,,
,,,,,,,,,,,,,,,,,,,,,,,,,,,,,,,,,,,,,,
,,,,,,,,,,,,,,,,,,,,,,,,,,,,,,,,,,,,,,
,,,,,,,,,,,,,,,,,,,,,,,,,,,,,,,,,,,,,,
,,,,,,,,,,,,,,,,,,,,,,,,,,,,,,,,,,,,,,
,,,,,,,,,,,,,,,,,,,,,,,,,,,,,,,,,,,,,,
,,,,,,,,,,,,,,,,,,,,,,,,,,,,,,,,,,,,,,
,,,,,,,,,,,,,,,,,,,,,,,,,,,,,,,,,,,,,,
,,,,,,,,,,,,,,,,,,,,,,,,,,,,,,,,,,,,,,
,,,,,,,,,,,,,,,,,,,,,,,,,,,,,,,,,,,,,,
,,,,,,,,,,,,,,,,,,,,,,,,,,,,,,,,,,,,,,
,,,,,,,,,,,,,,,,,,,,,,,,,,,,,,,,,,,,,,
,,,,,,,,,,,,,,,,,,,,,,,,,,,,,,,,,,,,,,
,,,,,,,,,,,,,,,,,,,,,,,,,,,,,,,,,,,,,,
,,,,,,,,,,,,,,,,,,,,,,,,,,,,,,,,,,,,,,
,,,,,,,,,,,,,,,,,,,,,,,,,,,,,,,,,,,,,,
,,,,,,,,,,,,,,,,,,,,,,,,,,,,,,,,,,,,,,
,,,,,,,,,,,,,,,,,,,,,,,,,,,,,,,,,,,,,,
,,,,,,,,,,,,,,,,,,,,,,,,,,,,,,,,,,,,,,
,,,,,,,,,,,,,,,,,,,,,,,,,,,,,,,,,,,,,,
,,,,,,,,,,,,,,,,,,,,,,,,,,,,,,,,,,,,,,
,,,,,,,,,,,,,,,,,,,,,,,,,,,,,,,,,,,,,,
,,,,,,,,,,,,,,,,,,,,,,,,,,,,,,,,,,,,,,
,,,,,,,,,,,,,,,,,,,,,,,,,,,,,,,,,,,,,,
,,,,,,,,,,,,,,,,,,,,,,,,,,,,,,,,,,,,,,
,,,,,,,,,,,,,,,,,,,,,,,,,,,,,,,,,,,,,,
,,,,,,,,,,,,,,,,,,,,,,,,,,,,,,,,,,,,,,
,,,,,,,,,,,,,,,,,,,,,,,,,,,,,,,,,,,,,,
,,,,,,,,,,,,,,,,,,,,,,,,,,,,,,,,,,,,,,
,,,,,,,,,,,,,,,,,,,,,,,,,,,,,,,,,,,,,,
,,,,,,,,,,,,,,,,,,,,,,,,,,,,,,,,,,,,,,
,,,,,,,,,,,,,,,,,,,,,,,,,,,,,,,,,,,,,,
,,,,,,,,,,,,,,,,,,,,,,,,,,,,,,,,,,,,,,
,,,,,,,,,,,,,,,,,,,,,,,,,,,,,,,,,,,,,,
,,,,,,,,,,,,,,,,,,,,,,,,,,,,,,,,,,,,,,
,,,,,,,,,,,,,,,,,,,,,,,,,,,,,,,,,,,,,,
,,,,,,,,,,,,,,,,,,,,,,,,,,,,,,,,,,,,,,
,,,,,,,,,,,,,,,,,,,,,,,,,,,,,,,,,,,,,,
,,,,,,,,,,,,,,,,,,,,,,,,,,,,,,,,,,,,,,
,,,,,,,,,,,,,,,,,,,,,,,,,,,,,,,,,,,,,,
,,,,,,,,,,,,,,,,,,,,,,,,,,,,,,,,,,,,,,
,,,,,,,,,,,,,,,,,,,,,,,,,,,,,,,,,,,,,,
,,,,,,,,,,,,,,,,,,,,,,,,,,,,,,,,,,,,,,
,,,,,,,,,,,,,,,,,,,,,,,,,,,,,,,,,,,,,,
,,,,,,,,,,,,,,,,,,,,,,,,,,,,,,,,,,,,,,
,,,,,,,,,,,,,,,,,,,,,,,,,,,,,,,,,,,,,,
,,,,,,,,,,,,,,,,,,,,,,,,,,,,,,,,,,,,,,
,,,,,,,,,,,,,,,,,,,,,,,,,,,,,,,,,,,,,,
,,,,,,,,,,,,,,,,,,,,,,,,,,,,,,,,,,,,,,
,,,,,,,,,,,,,,,,,,,,,,,,,,,,,,,,,,,,,,
,,,,,,,,,,,,,,,,,,,,,,,,,,,,,,,,,,,,,,
,,,,,,,,,,,,,,,,,,,,,,,,,,,,,,,,,,,,,,
,,,,,,,,,,,,,,,,,,,,,,,,,,,,,,,,,,,,,,
,,,,,,,,,,,,,,,,,,,,,,,,,,,,,,,,,,,,,,
,,,,,,,,,,,,,,,,,,,,,,,,,,,,,,,,,,,,,,
,,,,,,,,,,,,,,,,,,,,,,,,,,,,,,,,,,,,,,
,,,,,,,,,,,,,,,,,,,,,,,,,,,,,,,,,,,,,,
,,,,,,,,,,,,,,,,,,,,,,,,,,,,,,,,,,,,,,
,,,,,,,,,,,,,,,,,,,,,,,,,,,,,,,,,,,,,,
,,,,,,,,,,,,,,,,,,,,,,,,,,,,,,,,,,,,,,
,,,,,,,,,,,,,,,,,,,,,,,,,,,,,,,,,,,,,,
,,,,,,,,,,,,,,,,,,,,,,,,,,,,,,,,,,,,,,
,,,,,,,,,,,,,,,,,,,,,,,,,,,,,,,,,,,,,,
,,,,,,,,,,,,,,,,,,,,,,,,,,,,,,,,,,,,,,
,,,,,,,,,,,,,,,,,,,,,,,,,,,,,,,,,,,,,,
,,,,,,,,,,,,,,,,,,,,,,,,,,,,,,,,,,,,,,
,,,,,,,,,,,,,,,,,,,,,,,,,,,,,,,,,,,,,,
,,,,,,,,,,,,,,,,,,,,,,,,,,,,,,,,,,,,,,
,,,,,,,,,,,,,,,,,,,,,,,,,,,,,,,,,,,,,,
,,,,,,,,,,,,,,,,,,,,,,,,,,,,,,,,,,,,,,
,,,,,,,,,,,,,,,,,,,,,,,,,,,,,,,,,,,,,,
,,,,,,,,,,,,,,,,,,,,,,,,,,,,,,,,,,,,,,
,,,,,,,,,,,,,,,,,,,,,,,,,,,,,,,,,,,,,,
,,,,,,,,,,,,,,,,,,,,,,,,,,,,,,,,,,,,,,
,,,,,,,,,,,,,,,,,,,,,,,,,,,,,,,,,,,,,,
,,,,,,,,,,,,,,,,,,,,,,,,,,,,,,,,,,,,,,
,,,,,,,,,,,,,,,,,,,,,,,,,,,,,,,,,,,,,,
,,,,,,,,,,,,,,,,,,,,,,,,,,,,,,,,,,,,,,
,,,,,,,,,,,,,,,,,,,,,,,,,,,,,,,,,,,,,,
,,,,,,,,,,,,,,,,,,,,,,,,,,,,,,,,,,,,,,
,,,,,,,,,,,,,,,,,,,,,,,,,,,,,,,,,,,,,,
,,,,,,,,,,,,,,,,,,,,,,,,,,,,,,,,,,,,,,
,,,,,,,,,,,,,,,,,,,,,,,,,,,,,,,,,,,,,,
,,,,,,,,,,,,,,,,,,,,,,,,,,,,,,,,,,,,,,
,,,,,,,,,,,,,,,,,,,,,,,,,,,,,,,,,,,,,,
,,,,,,,,,,,,,,,,,,,,,,,,,,,,,,,,,,,,,,
,,,,,,,,,,,,,,,,,,,,,,,,,,,,,,,,,,,,,,
,,,,,,,,,,,,,,,,,,,,,,,,,,,,,,,,,,,,,,
,,,,,,,,,,,,,,,,,,,,,,,,,,,,,,,,,,,,,,
,,,,,,,,,,,,,,,,,,,,,,,,,,,,,,,,,,,,,,
,,,,,,,,,,,,,,,,,,,,,,,,,,,,,,,,,,,,,,
,,,,,,,,,,,,,,,,,,,,,,,,,,,,,,,,,,,,,,
,,,,,,,,,,,,,,,,,,,,,,,,,,,,,,,,,,,,,,
,,,,,,,,,,,,,,,,,,,,,,,,,,,,,,,,,,,,,,
,,,,,,,,,,,,,,,,,,,,,,,,,,,,,,,,,,,,,,
,,,,,,,,,,,,,,,,,,,,,,,,,,,,,,,,,,,,,,
,,,,,,,,,,,,,,,,,,,,,,,,,,,,,,,,,,,,,,
,,,,,,,,,,,,,,,,,,,,,,,,,,,,,,,,,,,,,,
,,,,,,,,,,,,,,,,,,,,,,,,,,,,,,,,,,,,,,
,,,,,,,,,,,,,,,,,,,,,,,,,,,,,,,,,,,,,,
,,,,,,,,,,,,,,,,,,,,,,,,,,,,,,,,,,,,,,
,,,,,,,,,,,,,,,,,,,,,,,,,,,,,,,,,,,,,,
,,,,,,,,,,,,,,,,,,,,,,,,,,,,,,,,,,,,,,
,,,,,,,,,,,,,,,,,,,,,,,,,,,,,,,,,,,,,,
,,,,,,,,,,,,,,,,,,,,,,,,,,,,,,,,,,,,,,
,,,,,,,,,,,,,,,,,,,,,,,,,,,,,,,,,,,,,,
,,,,,,,,,,,,,,,,,,,,,,,,,,,,,,,,,,,,,,
,,,,,,,,,,,,,,,,,,,,,,,,,,,,,,,,,,,,,,
,,,,,,,,,,,,,,,,,,,,,,,,,,,,,,,,,,,,,,
,,,,,,,,,,,,,,,,,,,,,,,,,,,,,,,,,,,,,,
,,,,,,,,,,,,,,,,,,,,,,,,,,,,,,,,,,,,,,
,,,,,,,,,,,,,,,,,,,,,,,,,,,,,,,,,,,,,,
,,,,,,,,,,,,,,,,,,,,,,,,,,,,,,,,,,,,,,
,,,,,,,,,,,,,,,,,,,,,,,,,,,,,,,,,,,,,,
,,,,,,,,,,,,,,,,,,,,,,,,,,,,,,,,,,,,,,
,,,,,,,,,,,,,,,,,,,,,,,,,,,,,,,,,,,,,,
,,,,,,,,,,,,,,,,,,,,,,,,,,,,,,,,,,,,,,
,,,,,,,,,,,,,,,,,,,,,,,,,,,,,,,,,,,,,,
,,,,,,,,,,,,,,,,,,,,,,,,,,,,,,,,,,,,,,
,,,,,,,,,,,,,,,,,,,,,,,,,,,,,,,,,,,,,,
,,,,,,,,,,,,,,,,,,,,,,,,,,,,,,,,,,,,,,
,,,,,,,,,,,,,,,,,,,,,,,,,,,,,,,,,,,,,,
,,,,,,,,,,,,,,,,,,,,,,,,,,,,,,,,,,,,,,
,,,,,,,,,,,,,,,,,,,,,,,,,,,,,,,,,,,,,,
,,,,,,,,,,,,,,,,,,,,,,,,,,,,,,,,,,,,,,
,,,,,,,,,,,,,,,,,,,,,,,,,,,,,,,,,,,,,,
,,,,,,,,,,,,,,,,,,,,,,,,,,,,,,,,,,,,,,
,,,,,,,,,,,,,,,,,,,,,,,,,,,,,,,,,,,,,,
,,,,,,,,,,,,,,,,,,,,,,,,,,,,,,,,,,,,,,
,,,,,,,,,,,,,,,,,,,,,,,,,,,,,,,,,,,,,,
,,,,,,,,,,,,,,,,,,,,,,,,,,,,,,,,,,,,,,
,,,,,,,,,,,,,,,,,,,,,,,,,,,,,,,,,,,,,,
,,,,,,,,,,,,,,,,,,,,,,,,,,,,,,,,,,,,,,
,,,,,,,,,,,,,,,,,,,,,,,,,,,,,,,,,,,,,,
,,,,,,,,,,,,,,,,,,,,,,,,,,,,,,,,,,,,,,
,,,,,,,,,,,,,,,,,,,,,,,,,,,,,,,,,,,,,,
,,,,,,,,,,,,,,,,,,,,,,,,,,,,,,,,,,,,,,
,,,,,,,,,,,,,,,,,,,,,,,,,,,,,,,,,,,,,,
,,,,,,,,,,,,,,,,,,,,,,,,,,,,,,,,,,,,,,
,,,,,,,,,,,,,,,,,,,,,,,,,,,,,,,,,,,,,,
,,,,,,,,,,,,,,,,,,,,,,,,,,,,,,,,,,,,,,
,,,,,,,,,,,,,,,,,,,,,,,,,,,,,,,,,,,,,,
,,,,,,,,,,,,,,,,,,,,,,,,,,,,,,,,,,,,,,
,,,,,,,,,,,,,,,,,,,,,,,,,,,,,,,,,,,,,,
,,,,,,,,,,,,,,,,,,,,,,,,,,,,,,,,,,,,,,
,,,,,,,,,,,,,,,,,,,,,,,,,,,,,,,,,,,,,,
,,,,,,,,,,,,,,,,,,,,,,,,,,,,,,,,,,,,,,
,,,,,,,,,,,,,,,,,,,,,,,,,,,,,,,,,,,,,,
,,,,,,,,,,,,,,,,,,,,,,,,,,,,,,,,,,,,,,
,,,,,,,,,,,,,,,,,,,,,,,,,,,,,,,,,,,,,,
,,,,,,,,,,,,,,,,,,,,,,,,,,,,,,,,,,,,,,
,,,,,,,,,,,,,,,,,,,,,,,,,,,,,,,,,,,,,,
,,,,,,,,,,,,,,,,,,,,,,,,,,,,,,,,,,,,,,
,,,,,,,,,,,,,,,,,,,,,,,,,,,,,,,,,,,,,,
,,,,,,,,,,,,,,,,,,,,,,,,,,,,,,,,,,,,,,
,,,,,,,,,,,,,,,,,,,,,,,,,,,,,,,,,,,,,,
,,,,,,,,,,,,,,,,,,,,,,,,,,,,,,,,,,,,,,
,,,,,,,,,,,,,,,,,,,,,,,,,,,,,,,,,,,,,,
,,,,,,,,,,,,,,,,,,,,,,,,,,,,,,,,,,,,,,
,,,,,,,,,,,,,,,,,,,,,,,,,,,,,,,,,,,,,,
,,,,,,,,,,,,,,,,,,,,,,,,,,,,,,,,,,,,,,
,,,,,,,,,,,,,,,,,,,,,,,,,,,,,,,,,,,,,,
,,,,,,,,,,,,,,,,,,,,,,,,,,,,,,,,,,,,,,
,,,,,,,,,,,,,,,,,,,,,,,,,,,,,,,,,,,,,,
,,,,,,,,,,,,,,,,,,,,,,,,,,,,,,,,,,,,,,
,,,,,,,,,,,,,,,,,,,,,,,,,,,,,,,,,,,,,,
,,,,,,,,,,,,,,,,,,,,,,,,,,,,,,,,,,,,,,
,,,,,,,,,,,,,,,,,,,,,,,,,,,,,,,,,,,,,,
,,,,,,,,,,,,,,,,,,,,,,,,,,,,,,,,,,,,,,
,,,,,,,,,,,,,,,,,,,,,,,,,,,,,,,,,,,,,,
,,,,,,,,,,,,,,,,,,,,,,,,,,,,,,,,,,,,,,
,,,,,,,,,,,,,,,,,,,,,,,,,,,,,,,,,,,,,,
,,,,,,,,,,,,,,,,,,,,,,,,,,,,,,,,,,,,,,
,,,,,,,,,,,,,,,,,,,,,,,,,,,,,,,,,,,,,,
,,,,,,,,,,,,,,,,,,,,,,,,,,,,,,,,,,,,,,
,,,,,,,,,,,,,,,,,,,,,,,,,,,,,,,,,,,,,,
,,,,,,,,,,,,,,,,,,,,,,,,,,,,,,,,,,,,,,
,,,,,,,,,,,,,,,,,,,,,,,,,,,,,,,,,,,,,,
,,,,,,,,,,,,,,,,,,,,,,,,,,,,,,,,,,,,,,
,,,,,,,,,,,,,,,,,,,,,,,,,,,,,,,,,,,,,,
,,,,,,,,,,,,,,,,,,,,,,,,,,,,,,,,,,,,,,
,,,,,,,,,,,,,,,,,,,,,,,,,,,,,,,,,,,,,,
,,,,,,,,,,,,,,,,,,,,,,,,,,,,,,,,,,,,,,
,,,,,,,,,,,,,,,,,,,,,,,,,,,,,,,,,,,,,,
,,,,,,,,,,,,,,,,,,,,,,,,,,,,,,,,,,,,,,
,,,,,,,,,,,,,,,,,,,,,,,,,,,,,,,,,,,,,,
,,,,,,,,,,,,,,,,,,,,,,,,,,,,,,,,,,,,,,
,,,,,,,,,,,,,,,,,,,,,,,,,,,,,,,,,,,,,,
,,,,,,,,,,,,,,,,,,,,,,,,,,,,,,,,,,,,,,
,,,,,,,,,,,,,,,,,,,,,,,,,,,,,,,,,,,,,,
,,,,,,,,,,,,,,,,,,,,,,,,,,,,,,,,,,,,,,
,,,,,,,,,,,,,,,,,,,,,,,,,,,,,,,,,,,,,,
,,,,,,,,,,,,,,,,,,,,,,,,,,,,,,,,,,,,,,
,,,,,,,,,,,,,,,,,,,,,,,,,,,,,,,,,,,,,,
,,,,,,,,,,,,,,,,,,,,,,,,,,,,,,,,,,,,,,
,,,,,,,,,,,,,,,,,,,,,,,,,,,,,,,,,,,,,,
,,,,,,,,,,,,,,,,,,,,,,,,,,,,,,,,,,,,,,
,,,,,,,,,,,,,,,,,,,,,,,,,,,,,,,,,,,,,,
,,,,,,,,,,,,,,,,,,,,,,,,,,,,,,,,,,,,,,
,,,,,,,,,,,,,,,,,,,,,,,,,,,,,,,,,,,,,,
,,,,,,,,,,,,,,,,,,,,,,,,,,,,,,,,,,,,,,
,,,,,,,,,,,,,,,,,,,,,,,,,,,,,,,,,,,,,,
,,,,,,,,,,,,,,,,,,,,,,,,,,,,,,,,,,,,,,
,,,,,,,,,,,,,,,,,,,,,,,,,,,,,,,,,,,,,,
,,,,,,,,,,,,,,,,,,,,,,,,,,,,,,,,,,,,,,
,,,,,,,,,,,,,,,,,,,,,,,,,,,,,,,,,,,,,,
,,,,,,,,,,,,,,,,,,,,,,,,,,,,,,,,,,,,,,
,,,,,,,,,,,,,,,,,,,,,,,,,,,,,,,,,,,,,,
,,,,,,,,,,,,,,,,,,,,,,,,,,,,,,,,,,,,,,
,,,,,,,,,,,,,,,,,,,,,,,,,,,,,,,,,,,,,,
,,,,,,,,,,,,,,,,,,,,,,,,,,,,,,,,,,,,,,
,,,,,,,,,,,,,,,,,,,,,,,,,,,,,,,,,,,,,,
,,,,,,,,,,,,,,,,,,,,,,,,,,,,,,,,,,,,,,
,,,,,,,,,,,,,,,,,,,,,,,,,,,,,,,,,,,,,,
,,,,,,,,,,,,,,,,,,,,,,,,,,,,,,,,,,,,,,
,,,,,,,,,,,,,,,,,,,,,,,,,,,,,,,,,,,,,,
,,,,,,,,,,,,,,,,,,,,,,,,,,,,,,,,,,,,,,
,,,,,,,,,,,,,,,,,,,,,,,,,,,,,,,,,,,,,,
,,,,,,,,,,,,,,,,,,,,,,,,,,,,,,,,,,,,,,
,,,,,,,,,,,,,,,,,,,,,,,,,,,,,,,,,,,,,,
,,,,,,,,,,,,,,,,,,,,,,,,,,,,,,,,,,,,,,
,,,,,,,,,,,,,,,,,,,,,,,,,,,,,,,,,,,,,,
,,,,,,,,,,,,,,,,,,,,,,,,,,,,,,,,,,,,,,
,,,,,,,,,,,,,,,,,,,,,,,,,,,,,,,,,,,,,,
,,,,,,,,,,,,,,,,,,,,,,,,,,,,,,,,,,,,,,
,,,,,,,,,,,,,,,,,,,,,,,,,,,,,,,,,,,,,,
,,,,,,,,,,,,,,,,,,,,,,,,,,,,,,,,,,,,,,
,,,,,,,,,,,,,,,,,,,,,,,,,,,,,,,,,,,,,,
,,,,,,,,,,,,,,,,,,,,,,,,,,,,,,,,,,,,,,
,,,,,,,,,,,,,,,,,,,,,,,,,,,,,,,,,,,,,,
,,,,,,,,,,,,,,,,,,,,,,,,,,,,,,,,,,,,,,
,,,,,,,,,,,,,,,,,,,,,,,,,,,,,,,,,,,,,,
,,,,,,,,,,,,,,,,,,,,,,,,,,,,,,,,,,,,,,
,,,,,,,,,,,,,,,,,,,,,,,,,,,,,,,,,,,,,,
,,,,,,,,,,,,,,,,,,,,,,,,,,,,,,,,,,,,,,
,,,,,,,,,,,,,,,,,,,,,,,,,,,,,,,,,,,,,,
,,,,,,,,,,,,,,,,,,,,,,,,,,,,,,,,,,,,,,
,,,,,,,,,,,,,,,,,,,,,,,,,,,,,,,,,,,,,,
,,,,,,,,,,,,,,,,,,,,,,,,,,,,,,,,,,,,,,
,,,,,,,,,,,,,,,,,,,,,,,,,,,,,,,,,,,,,,
,,,,,,,,,,,,,,,,,,,,,,,,,,,,,,,,,,,,,,
,,,,,,,,,,,,,,,,,,,,,,,,,,,,,,,,,,,,,,
,,,,,,,,,,,,,,,,,,,,,,,,,,,,,,,,,,,,,,
,,,,,,,,,,,,,,,,,,,,,,,,,,,,,,,,,,,,,,
,,,,,,,,,,,,,,,,,,,,,,,,,,,,,,,,,,,,,,
,,,,,,,,,,,,,,,,,,,,,,,,,,,,,,,,,,,,,,
,,,,,,,,,,,,,,,,,,,,,,,,,,,,,,,,,,,,,,
,,,,,,,,,,,,,,,,,,,,,,,,,,,,,,,,,,,,,,
,,,,,,,,,,,,,,,,,,,,,,,,,,,,,,,,,,,,,,
,,,,,,,,,,,,,,,,,,,,,,,,,,,,,,,,,,,,,,
,,,,,,,,,,,,,,,,,,,,,,,,,,,,,,,,,,,,,,
,,,,,,,,,,,,,,,,,,,,,,,,,,,,,,,,,,,,,,
,,,,,,,,,,,,,,,,,,,,,,,,,,,,,,,,,,,,,,
,,,,,,,,,,,,,,,,,,,,,,,,,,,,,,,,,,,,,,
,,,,,,,,,,,,,,,,,,,,,,,,,,,,,,,,,,,,,,
,,,,,,,,,,,,,,,,,,,,,,,,,,,,,,,,,,,,,,
,,,,,,,,,,,,,,,,,,,,,,,,,,,,,,,,,,,,,,
,,,,,,,,,,,,,,,,,,,,,,,,,,,,,,,,,,,,,,
,,,,,,,,,,,,,,,,,,,,,,,,,,,,,,,,,,,,,,
,,,,,,,,,,,,,,,,,,,,,,,,,,,,,,,,,,,,,,
,,,,,,,,,,,,,,,,,,,,,,,,,,,,,,,,,,,,,,
,,,,,,,,,,,,,,,,,,,,,,,,,,,,,,,,,,,,,,
,,,,,,,,,,,,,,,,,,,,,,,,,,,,,,,,,,,,,,
,,,,,,,,,,,,,,,,,,,,,,,,,,,,,,,,,,,,,,
,,,,,,,,,,,,,,,,,,,,,,,,,,,,,,,,,,,,,,
,,,,,,,,,,,,,,,,,,,,,,,,,,,,,,,,,,,,,,
,,,,,,,,,,,,,,,,,,,,,,,,,,,,,,,,,,,,,,
,,,,,,,,,,,,,,,,,,,,,,,,,,,,,,,,,,,,,,
,,,,,,,,,,,,,,,,,,,,,,,,,,,,,,,,,,,,,,
,,,,,,,,,,,,,,,,,,,,,,,,,,,,,,,,,,,,,,
,,,,,,,,,,,,,,,,,,,,,,,,,,,,,,,,,,,,,,
,,,,,,,,,,,,,,,,,,,,,,,,,,,,,,,,,,,,,,
,,,,,,,,,,,,,,,,,,,,,,,,,,,,,,,,,,,,,,
,,,,,,,,,,,,,,,,,,,,,,,,,,,,,,,,,,,,,,
,,,,,,,,,,,,,,,,,,,,,,,,,,,,,,,,,,,,,,
,,,,,,,,,,,,,,,,,,,,,,,,,,,,,,,,,,,,,,
,,,,,,,,,,,,,,,,,,,,,,,,,,,,,,,,,,,,,,
,,,,,,,,,,,,,,,,,,,,,,,,,,,,,,,,,,,,,,
,,,,,,,,,,,,,,,,,,,,,,,,,,,,,,,,,,,,,,
,,,,,,,,,,,,,,,,,,,,,,,,,,,,,,,,,,,,,,
,,,,,,,,,,,,,,,,,,,,,,,,,,,,,,,,,,,,,,
,,,,,,,,,,,,,,,,,,,,,,,,,,,,,,,,,,,,,,
,,,,,,,,,,,,,,,,,,,,,,,,,,,,,,,,,,,,,,
,,,,,,,,,,,,,,,,,,,,,,,,,,,,,,,,,,,,,,
,,,,,,,,,,,,,,,,,,,,,,,,,,,,,,,,,,,,,,
,,,,,,,,,,,,,,,,,,,,,,,,,,,,,,,,,,,,,,
,,,,,,,,,,,,,,,,,,,,,,,,,,,,,,,,,,,,,,
,,,,,,,,,,,,,,,,,,,,,,,,,,,,,,,,,,,,,,
,,,,,,,,,,,,,,,,,,,,,,,,,,,,,,,,,,,,,,
,,,,,,,,,,,,,,,,,,,,,,,,,,,,,,,,,,,,,,
,,,,,,,,,,,,,,,,,,,,,,,,,,,,,,,,,,,,,,
,,,,,,,,,,,,,,,,,,,,,,,,,,,,,,,,,,,,,,
,,,,,,,,,,,,,,,,,,,,,,,,,,,,,,,,,,,,,,
,,,,,,,,,,,,,,,,,,,,,,,,,,,,,,,,,,,,,,
,,,,,,,,,,,,,,,,,,,,,,,,,,,,,,,,,,,,,,
,,,,,,,,,,,,,,,,,,,,,,,,,,,,,,,,,,,,,,
,,,,,,,,,,,,,,,,,,,,,,,,,,,,,,,,,,,,,,
,,,,,,,,,,,,,,,,,,,,,,,,,,,,,,,,,,,,,,
,,,,,,,,,,,,,,,,,,,,,,,,,,,,,,,,,,,,,,
,,,,,,,,,,,,,,,,,,,,,,,,,,,,,,,,,,,,,,
,,,,,,,,,,,,,,,,,,,,,,,,,,,,,,,,,,,,,,
,,,,,,,,,,,,,,,,,,,,,,,,,,,,,,,,,,,,,,
,,,,,,,,,,,,,,,,,,,,,,,,,,,,,,,,,,,,,,
,,,,,,,,,,,,,,,,,,,,,,,,,,,,,,,,,,,,,,
,,,,,,,,,,,,,,,,,,,,,,,,,,,,,,,,,,,,,,
,,,,,,,,,,,,,,,,,,,,,,,,,,,,,,,,,,,,,,
,,,,,,,,,,,,,,,,,,,,,,,,,,,,,,,,,,,,,,
,,,,,,,,,,,,,,,,,,,,,,,,,,,,,,,,,,,,,,
,,,,,,,,,,,,,,,,,,,,,,,,,,,,,,,,,,,,,,
,,,,,,,,,,,,,,,,,,,,,,,,,,,,,,,,,,,,,,
,,,,,,,,,,,,,,,,,,,,,,,,,,,,,,,,,,,,,,
,,,,,,,,,,,,,,,,,,,,,,,,,,,,,,,,,,,,,,
,,,,,,,,,,,,,,,,,,,,,,,,,,,,,,,,,,,,,,
,,,,,,,,,,,,,,,,,,,,,,,,,,,,,,,,,,,,,,
,,,,,,,,,,,,,,,,,,,,,,,,,,,,,,,,,,,,,,
,,,,,,,,,,,,,,,,,,,,,,,,,,,,,,,,,,,,,,
,,,,,,,,,,,,,,,,,,,,,,,,,,,,,,,,,,,,,,
,,,,,,,,,,,,,,,,,,,,,,,,,,,,,,,,,,,,,,
,,,,,,,,,,,,,,,,,,,,,,,,,,,,,,,,,,,,,,
,,,,,,,,,,,,,,,,,,,,,,,,,,,,,,,,,,,,,,
,,,,,,,,,,,,,,,,,,,,,,,,,,,,,,,,,,,,,,
,,,,,,,,,,,,,,,,,,,,,,,,,,,,,,,,,,,,,,
,,,,,,,,,,,,,,,,,,,,,,,,,,,,,,,,,,,,,,
,,,,,,,,,,,,,,,,,,,,,,,,,,,,,,,,,,,,,,
,,,,,,,,,,,,,,,,,,,,,,,,,,,,,,,,,,,,,,
,,,,,,,,,,,,,,,,,,,,,,,,,,,,,,,,,,,,,,
,,,,,,,,,,,,,,,,,,,,,,,,,,,,,,,,,,,,,,
,,,,,,,,,,,,,,,,,,,,,,,,,,,,,,,,,,,,,,
,,,,,,,,,,,,,,,,,,,,,,,,,,,,,,,,,,,,,,
,,,,,,,,,,,,,,,,,,,,,,,,,,,,,,,,,,,,,,
,,,,,,,,,,,,,,,,,,,,,,,,,,,,,,,,,,,,,,
,,,,,,,,,,,,,,,,,,,,,,,,,,,,,,,,,,,,,,
,,,,,,,,,,,,,,,,,,,,,,,,,,,,,,,,,,,,,,
,,,,,,,,,,,,,,,,,,,,,,,,,,,,,,,,,,,,,,
,,,,,,,,,,,,,,,,,,,,,,,,,,,,,,,,,,,,,,
,,,,,,,,,,,,,,,,,,,,,,,,,,,,,,,,,,,,,,
,,,,,,,,,,,,,,,,,,,,,,,,,,,,,,,,,,,,,,
,,,,,,,,,,,,,,,,,,,,,,,,,,,,,,,,,,,,,,
,,,,,,,,,,,,,,,,,,,,,,,,,,,,,,,,,,,,,,
,,,,,,,,,,,,,,,,,,,,,,,,,,,,,,,,,,,,,,
,,,,,,,,,,,,,,,,,,,,,,,,,,,,,,,,,,,,,,
,,,,,,,,,,,,,,,,,,,,,,,,,,,,,,,,,,,,,,
,,,,,,,,,,,,,,,,,,,,,,,,,,,,,,,,,,,,,,
,,,,,,,,,,,,,,,,,,,,,,,,,,,,,,,,,,,,,,
,,,,,,,,,,,,,,,,,,,,,,,,,,,,,,,,,,,,,,
,,,,,,,,,,,,,,,,,,,,,,,,,,,,,,,,,,,,,,
,,,,,,,,,,,,,,,,,,,,,,,,,,,,,,,,,,,,,,
,,,,,,,,,,,,,,,,,,,,,,,,,,,,,,,,,,,,,,
,,,,,,,,,,,,,,,,,,,,,,,,,,,,,,,,,,,,,,
,,,,,,,,,,,,,,,,,,,,,,,,,,,,,,,,,,,,,,
,,,,,,,,,,,,,,,,,,,,,,,,,,,,,,,,,,,,,,
,,,,,,,,,,,,,,,,,,,,,,,,,,,,,,,,,,,,,,
,,,,,,,,,,,,,,,,,,,,,,,,,,,,,,,,,,,,,,
,,,,,,,,,,,,,,,,,,,,,,,,,,,,,,,,,,,,,,
,,,,,,,,,,,,,,,,,,,,,,,,,,,,,,,,,,,,,,
,,,,,,,,,,,,,,,,,,,,,,,,,,,,,,,,,,,,,,
,,,,,,,,,,,,,,,,,,,,,,,,,,,,,,,,,,,,,,
,,,,,,,,,,,,,,,,,,,,,,,,,,,,,,,,,,,,,,
,,,,,,,,,,,,,,,,,,,,,,,,,,,,,,,,,,,,,,
,,,,,,,,,,,,,,,,,,,,,,,,,,,,,,,,,,,,,,
,,,,,,,,,,,,,,,,,,,,,,,,,,,,,,,,,,,,,,
,,,,,,,,,,,,,,,,,,,,,,,,,,,,,,,,,,,,,,
,,,,,,,,,,,,,,,,,,,,,,,,,,,,,,,,,,,,,,
,,,,,,,,,,,,,,,,,,,,,,,,,,,,,,,,,,,,,,
,,,,,,,,,,,,,,,,,,,,,,,,,,,,,,,,,,,,,,
,,,,,,,,,,,,,,,,,,,,,,,,,,,,,,,,,,,,,,
,,,,,,,,,,,,,,,,,,,,,,,,,,,,,,,,,,,,,,
,,,,,,,,,,,,,,,,,,,,,,,,,,,,,,,,,,,,,,
,,,,,,,,,,,,,,,,,,,,,,,,,,,,,,,,,,,,,,
,,,,,,,,,,,,,,,,,,,,,,,,,,,,,,,,,,,,,,
,,,,,,,,,,,,,,,,,,,,,,,,,,,,,,,,,,,,,,
,,,,,,,,,,,,,,,,,,,,,,,,,,,,,,,,,,,,,,
,,,,,,,,,,,,,,,,,,,,,,,,,,,,,,,,,,,,,,
,,,,,,,,,,,,,,,,,,,,,,,,,,,,,,,,,,,,,,
,,,,,,,,,,,,,,,,,,,,,,,,,,,,,,,,,,,,,,
,,,,,,,,,,,,,,,,,,,,,,,,,,,,,,,,,,,,,,
,,,,,,,,,,,,,,,,,,,,,,,,,,,,,,,,,,,,,,
,,,,,,,,,,,,,,,,,,,,,,,,,,,,,,,,,,,,,,
,,,,,,,,,,,,,,,,,,,,,,,,,,,,,,,,,,,,,,
,,,,,,,,,,,,,,,,,,,,,,,,,,,,,,,,,,,,,,
,,,,,,,,,,,,,,,,,,,,,,,,,,,,,,,,,,,,,,
,,,,,,,,,,,,,,,,,,,,,,,,,,,,,,,,,,,,,,
,,,,,,,,,,,,,,,,,,,,,,,,,,,,,,,,,,,,,,
,,,,,,,,,,,,,,,,,,,,,,,,,,,,,,,,,,,,,,
,,,,,,,,,,,,,,,,,,,,,,,,,,,,,,,,,,,,,,
,,,,,,,,,,,,,,,,,,,,,,,,,,,,,,,,,,,,,,
,,,,,,,,,,,,,,,,,,,,,,,,,,,,,,,,,,,,,,
,,,,,,,,,,,,,,,,,,,,,,,,,,,,,,,,,,,,,,
,,,,,,,,,,,,,,,,,,,,,,,,,,,,,,,,,,,,,,
,,,,,,,,,,,,,,,,,,,,,,,,,,,,,,,,,,,,,,
,,,,,,,,,,,,,,,,,,,,,,,,,,,,,,,,,,,,,,
,,,,,,,,,,,,,,,,,,,,,,,,,,,,,,,,,,,,,,
,,,,,,,,,,,,,,,,,,,,,,,,,,,,,,,,,,,,,,
,,,,,,,,,,,,,,,,,,,,,,,,,,,,,,,,,,,,,,
,,,,,,,,,,,,,,,,,,,,,,,,,,,,,,,,,,,,,,
,,,,,,,,,,,,,,,,,,,,,,,,,,,,,,,,,,,,,,
,,,,,,,,,,,,,,,,,,,,,,,,,,,,,,,,,,,,,,
,,,,,,,,,,,,,,,,,,,,,,,,,,,,,,,,,,,,,,
,,,,,,,,,,,,,,,,,,,,,,,,,,,,,,,,,,,,,,
,,,,,,,,,,,,,,,,,,,,,,,,,,,,,,,,,,,,,,
,,,,,,,,,,,,,,,,,,,,,,,,,,,,,,,,,,,,,,
,,,,,,,,,,,,,,,,,,,,,,,,,,,,,,,,,,,,,,
,,,,,,,,,,,,,,,,,,,,,,,,,,,,,,,,,,,,,,
,,,,,,,,,,,,,,,,,,,,,,,,,,,,,,,,,,,,,,
,,,,,,,,,,,,,,,,,,,,,,,,,,,,,,,,,,,,,,
,,,,,,,,,,,,,,,,,,,,,,,,,,,,,,,,,,,,,,
,,,,,,,,,,,,,,,,,,,,,,,,,,,,,,,,,,,,,,
,,,,,,,,,,,,,,,,,,,,,,,,,,,,,,,,,,,,,,
,,,,,,,,,,,,,,,,,,,,,,,,,,,,,,,,,,,,,,
,,,,,,,,,,,,,,,,,,,,,,,,,,,,,,,,,,,,,,
,,,,,,,,,,,,,,,,,,,,,,,,,,,,,,,,,,,,,,
,,,,,,,,,,,,,,,,,,,,,,,,,,,,,,,,,,,,,,
,,,,,,,,,,,,,,,,,,,,,,,,,,,,,,,,,,,,,,
,,,,,,,,,,,,,,,,,,,,,,,,,,,,,,,,,,,,,,
,,,,,,,,,,,,,,,,,,,,,,,,,,,,,,,,,,,,,,
,,,,,,,,,,,,,,,,,,,,,,,,,,,,,,,,,,,,,,
,,,,,,,,,,,,,,,,,,,,,,,,,,,,,,,,,,,,,,
,,,,,,,,,,,,,,,,,,,,,,,,,,,,,,,,,,,,,,
,,,,,,,,,,,,,,,,,,,,,,,,,,,,,,,,,,,,,,
,,,,,,,,,,,,,,,,,,,,,,,,,,,,,,,,,,,,,,
,,,,,,,,,,,,,,,,,,,,,,,,,,,,,,,,,,,,,,
,,,,,,,,,,,,,,,,,,,,,,,,,,,,,,,,,,,,,,
,,,,,,,,,,,,,,,,,,,,,,,,,,,,,,,,,,,,,,
,,,,,,,,,,,,,,,,,,,,,,,,,,,,,,,,,,,,,,
,,,,,,,,,,,,,,,,,,,,,,,,,,,,,,,,,,,,,,
,,,,,,,,,,,,,,,,,,,,,,,,,,,,,,,,,,,,,,
,,,,,,,,,,,,,,,,,,,,,,,,,,,,,,,,,,,,,,
,,,,,,,,,,,,,,,,,,,,,,,,,,,,,,,,,,,,,,
,,,,,,,,,,,,,,,,,,,,,,,,,,,,,,,,,,,,,,
,,,,,,,,,,,,,,,,,,,,,,,,,,,,,,,,,,,,,,
,,,,,,,,,,,,,,,,,,,,,,,,,,,,,,,,,,,,,,
,,,,,,,,,,,,,,,,,,,,,,,,,,,,,,,,,,,,,,
,,,,,,,,,,,,,,,,,,,,,,,,,,,,,,,,,,,,,,
,,,,,,,,,,,,,,,,,,,,,,,,,,,,,,,,,,,,,,
,,,,,,,,,,,,,,,,,,,,,,,,,,,,,,,,,,,,,,
,,,,,,,,,,,,,,,,,,,,,,,,,,,,,,,,,,,,,,
,,,,,,,,,,,,,,,,,,,,,,,,,,,,,,,,,,,,,,
,,,,,,,,,,,,,,,,,,,,,,,,,,,,,,,,,,,,,,
,,,,,,,,,,,,,,,,,,,,,,,,,,,,,,,,,,,,,,
,,,,,,,,,,,,,,,,,,,,,,,,,,,,,,,,,,,,,,
,,,,,,,,,,,,,,,,,,,,,,,,,,,,,,,,,,,,,,
,,,,,,,,,,,,,,,,,,,,,,,,,,,,,,,,,,,,,,
,,,,,,,,,,,,,,,,,,,,,,,,,,,,,,,,,,,,,,
,,,,,,,,,,,,,,,,,,,,,,,,,,,,,,,,,,,,,,
,,,,,,,,,,,,,,,,,,,,,,,,,,,,,,,,,,,,,,
,,,,,,,,,,,,,,,,,,,,,,,,,,,,,,,,,,,,,,
,,,,,,,,,,,,,,,,,,,,,,,,,,,,,,,,,,,,,,
,,,,,,,,,,,,,,,,,,,,,,,,,,,,,,,,,,,,,,
,,,,,,,,,,,,,,,,,,,,,,,,,,,,,,,,,,,,,,
,,,,,,,,,,,,,,,,,,,,,,,,,,,,,,,,,,,,,,
,,,,,,,,,,,,,,,,,,,,,,,,,,,,,,,,,,,,,,
